participant,free_texts,feedback,food_amount,trial_stop_time,testing_image_order,testing_responses,training_categories,training_tail,training_shape,training_color,testing_categories,conditionOrder,training_image_order,attention_check,shape_discrete_slider.response,color_discrete_slider.response,tail_discrete_slider.response,shape_direction_slider.response,color_direction_slider.response,tail_direction_slider.response,shape_continuous_slider.response,color_continuous_slider.response,tail_continuous_slider.response
019,"[""It wasn't that hungry."", 'It was hungry.', 'It was very hungry.', 'It was hungry.', 'It was hungry.', 'It was pretty hungry.', 'It was very hungry.', ""It wasn't very hungry."", 'It was only a little hungry.', 'It was hungry.', 'It was very hungry', 'It was pretty hungry.', 'It was hungry.', 'It was only a little hungry.', ""It wasn't very hungry."", ""It hadn't eaten all day and was starving.\xa0"", 'It was hungry.', 'It was a little hungry.', ""It wasn't very hungry."", 'It was pretty hungry.', ""It wasn't very hungry."", 'It was pretty hungry']",['No comments.\xa0'],"[3.0, 4.0, 9.0, 5.0, 5.0, 6.0, 8.0, 2.0, 3.0, 5.0, 9.0, 6.0, 4.0, 3.0, 2.0, 9.0, 6.0, 5.0, 4.0, 2.0, 7.0, 6.0, 3.0, 6.0, 3.0]",352.6373,"['T_Y_C', 'N_B_C', 'N_Y_S', 'T_B_C', 'T_Y_S', 'N_B_S', 'T_B_S', 'N_Y_C']","[5.0, 4.0, 5.0, 6.0, 7.0, 6.0, 4.0, 5.0]","['low', 'medium', 'medium', 'medium', 'medium', 'high', 'high', 'low', 'low', 'medium', 'high', 'medium', 'medium', 'medium', 'low', 'high', 'medium', 'high', 'medium', 'low', 'high', 'medium', 'low', 'medium', 'low']","['N', 'N', 'N', 'T', 'T', 'T', 'T', 'N', 'N', 'N', 'T', 'N', 'T', 'T', 'N', 'T', 'N', 'T', 'T', 'N', 'T', 'T', 'N', 'N', 'N']","['C', 'S', 'S', 'C', 'C', 'S', 'S', 'C', 'C', 'S', 'S', 'S', 'C', 'C', 'C', 'S', 'S', 'S', 'C', 'C', 'S', 'C', 'C', 'S', 'C']","['Y', 'Y', 'B', 'B', 'Y', 'Y', 'B', 'B', 'Y', 'Y', 'B', 'B', 'Y', 'B', 'B', 'Y', 'Y', 'Y', 'Y', 'Y', 'B', 'B', 'B', 'B', 'Y']","['medium', 'low', 'medium', 'medium', 'high', 'medium', 'high', 'low']",19,"['N_Y_C', 'N_Y_S', 'N_B_S', 'T_B_C', 'T_Y_C', 'T_Y_S', 'T_B_S', 'N_B_C', 'N_Y_C', 'N_Y_S', 'T_B_S', 'N_B_S', 'T_Y_C', 'T_B_C', 'N_B_C', 'T_Y_S', 'N_Y_S', 'T_Y_S', 'T_Y_C', 'N_Y_C', 'T_B_S', 'T_B_C', 'N_B_C', 'N_B_S', 'N_Y_C']",0,Yes,Yes,No,Circular,Yellow,,5.0,5.0,
018,"['It’s square and yellow with a tail', 'It’s round and yellow and has a tail\xa0', 'It’s round and yellow and has no tail\xa0', 'It’s blue and round and has a tail', 'It’s \xa0square and blue and has no tail', 'It’s square and yellow and has no tail', 'It’s square and blue and has a tsil', 'It’s blue abd round and has no tail\xa0', 'It’s square and yellow and has no tail', 'It’s round and yellow and has no tail\xa0', 'It’s square and blue and has nobtsil', 'It’s blue and round and has no tail\xa0', 'It’s blue and round and has no tail', 'Blue and square and has a tail', 'Round yellow has a tail', 'Square yellow has a tail', 'Round yellow no tail\xa0', 'Square yellow has a tail', 'Square yellow no tail\xa0', 'Blue square has a tail', 'Blue round has a tail\xa0', 'Blue round no tail\xa0', 'Blue square no tail', 'Round yellow tail']",[],"[8.0, 6.0, 2.0, 9.0, 3.0, 7.0, 9.0, 4.0, 3.0, 2.0, 6.0, 8.0, 6.0, 7.0, 5.0, 3.0, 4.0, 6.0, 4.0, 7.0, 6.0, 3.0, 5.0, 6.0, 8.0]",505.719,"['N_Y_C', 'T_B_S', 'T_Y_S', 'N_Y_S', 'T_Y_C', 'N_B_C', 'N_B_S', 'T_B_C']","[6.0, 8.0, 7.0, 8.0, 5.0, 6.0, 5.0, 7.0]","['high', 'medium', 'low', 'medium', 'medium', 'medium', 'high', 'low', 'medium', 'low', 'medium', 'medium', 'low', 'high', 'medium', 'high', 'low', 'high', 'medium', 'high', 'medium', 'low', 'medium', 'medium', 'high']","['T', 'T', 'N', 'T', 'N', 'N', 'T', 'N', 'N', 'N', 'N', 'T', 'N', 'T', 'T', 'T', 'N', 'T', 'N', 'T', 'T', 'N', 'N', 'T', 'T']","['S', 'C', 'C', 'C', 'S', 'S', 'S', 'C', 'S', 'C', 'S', 'C', 'C', 'S', 'C', 'S', 'C', 'S', 'S', 'S', 'C', 'C', 'S', 'C', 'S']","['Y', 'Y', 'Y', 'B', 'B', 'Y', 'B', 'B', 'Y', 'Y', 'B', 'B', 'B', 'B', 'Y', 'Y', 'Y', 'Y', 'Y', 'B', 'B', 'B', 'B', 'Y', 'Y']","['low', 'high', 'high', 'medium', 'medium', 'low', 'medium', 'medium']",18,"['T_Y_S', 'T_Y_C', 'N_Y_C', 'T_B_C', 'N_B_S', 'N_Y_S', 'T_B_S', 'N_B_C', 'N_Y_S', 'N_Y_C', 'N_B_S', 'T_B_C', 'N_B_C', 'T_B_S', 'T_Y_C', 'T_Y_S', 'N_Y_C', 'T_Y_S', 'N_Y_S', 'T_B_S', 'T_B_C', 'N_B_C', 'N_B_S', 'T_Y_C', 'T_Y_S']",1,Yes,Yes,Yes,Circular,Yellow,Having a tail,4.0,5.0,4.0
007,"['Round sperks tend to be larger and require more food.', 'Yellow sperks have lower metabolisms than blue sperks.', 'Square sperks are males and require more food to meet their nutritional needs.', 'Square sperks without tails are younger and need less food. Mature sperks have tails.', ""The yellow square sperk is younger and needs less food. Younger sperks don't have tails."", 'This sperk is somewhat older and needs more food than the previous yellow square sperk without a tail.', ""This sperk doesn't have a tail and is rounder. The rounder sperks might tend to need less food."", 'The rounder sperks tend to require less food than the rectangular sperks.', 'The yellow round sperk has a tail so it is older and require more food than the yellow round sperk with no tail.', ""The sperk is blue and rectangular without a tail, so it is younger and needs less food. The younger sperks don't have tails."", 'This goes against my tail theory. Maybe this sperk is hibernating.\xa0', 'Usually the yellow sperks consume less than the blue ones. This sperk ate less yesterday, so now it is eating more today.\xa0', 'This sperk is eating less because it is a baby sperk.', 'This sperk is a young sperk, so it requires less food.', 'The amount of food varies, so maybe the tail theory is actually correct. This yellow sperk lacks a tail, so it needs less food.', 'This sperk has a tail, so it requires at least 5 units of food.', ""This yellow sperk has a tail, so it requires at least 5 units of food. The color and shape don't seem to correlate to a difference in food consumption."", 'The tail on this sperk indicates that it usually requires at least 5 units of food.', 'The blue square sperk has a tail and ate at least 5 units of food. This aligns with my tail hypothesis for food consumption.', ""This round yellow sperk doesn't have a tail, so it usually requires less than 5 units of food."", ""The round blue sperk doesn't have a tail and ate less than 5 units of food. This matches my tail hypothesis for measuring adequate units of food for the sperks."", 'This round yellow sperk has a tail and ate 6 units of food. Sperks with tails tend to eat at least 5 units of food.', ""This rectangular yellow sperk ate exactly 5 units of food. Even though it doesn't have a tail, this doesn't disprove my hypothesis. The amount of food sperks need varies, but 5 units is not unusual for sperks without tails. Sperks without tails eat 5 units or less."", 'This goes against my tail hypothesis, but the amount of food a sperk eats does vary. This sperk could be maturing into an adult and is starting to require more food.']",['I felt compelled to come up with all sorts of theories for why I thought the amount of food deviated from my previous theory.'],"[7.0, 4.0, 10.0, 5.0, 4.0, 6.0, 4.0, 3.0, 7.0, 5.0, 4.0, 8.0, 2.0, 2.0, 3.0, 5.0, 7.0, 8.0, 8.0, 2.0, 4.0, 6.0, 5.0, 6.0, 7.0]",1270.7656,"['N_Y_C', 'T_Y_C', 'T_Y_S', 'T_B_S', 'N_Y_S', 'T_B_C', 'N_B_S', 'N_B_C']","[4.0, 7.0, 7.0, 7.0, 5.0, 7.0, 5.0, 4.0]","['medium', 'medium', 'high', 'medium', 'medium', 'high', 'low', 'low', 'medium', 'medium', 'high', 'high', 'low', 'low', 'medium', 'medium', 'high', 'medium', 'high', 'low', 'low', 'medium', 'medium', 'medium', 'medium']","['T', 'T', 'T', 'N', 'N', 'T', 'N', 'N', 'T', 'N', 'T', 'T', 'N', 'N', 'N', 'T', 'T', 'T', 'T', 'N', 'N', 'T', 'N', 'N', 'T']","['C', 'C', 'S', 'S', 'S', 'S', 'C', 'C', 'C', 'S', 'S', 'S', 'C', 'C', 'S', 'C', 'S', 'C', 'S', 'C', 'C', 'C', 'S', 'S', 'C']","['B', 'Y', 'B', 'B', 'Y', 'Y', 'B', 'Y', 'Y', 'B', 'B', 'Y', 'B', 'Y', 'Y', 'B', 'Y', 'B', 'B', 'Y', 'B', 'Y', 'Y', 'B', 'B']","['low', 'medium', 'high', 'high', 'medium', 'medium', 'medium', 'low']",7,"['T_B_C', 'T_Y_C', 'T_B_S', 'N_B_S', 'N_Y_S', 'T_Y_S', 'N_B_C', 'N_Y_C', 'T_Y_C', 'N_B_S', 'T_B_S', 'T_Y_S', 'N_B_C', 'N_Y_C', 'N_Y_S', 'T_B_C', 'T_Y_S', 'T_B_C', 'T_B_S', 'N_Y_C', 'N_B_C', 'T_Y_C', 'N_Y_S', 'N_B_S', 'T_B_C']",1,No,No,Yes,,,Having a tail,,,5.0
004,"['It was hungry and was given this amount', 'this is all he was given', 'this is what he was given because he was square', 'this is what he was given because he is orange', 'because he is blue and square', 'because he is orange and square', 'because he is square', 'because he is square and blue', 'because he is orange and square', 'because he is blue and round', 'because he is orange and round', 'because he is blue and square', 'because he us orange and square', 'Because he is orange and round', 'because he is blue and round', 'because he is orange', 'because he is square', 'because he is round', 'because he is square', 'because he is square', 'because he is square', 'because he is round', 'because he is round']",[],"[2.0, 7.0, 1.0, 5.0, 4.0, 7.0, 7.0, 7.0, 8.0, 5.0, 6.0, 5.0, 7.0, 8.0, 3.0, 4.0, 6.0, 10.0, 1.0, 6.0, 8.0, 4.0, 4.0, 4.0, 2.0]",314.2888,"['N_Y_C', 'N_B_C', 'T_B_S', 'T_Y_C', 'N_B_S', 'T_B_C', 'N_Y_S', 'T_Y_S']","[3.0, 4.0, 6.0, 6.0, 8.0, 6.0, 5.0, 5.0]","['low', 'medium', 'low', 'medium', 'medium', 'high', 'medium', 'high', 'medium', 'medium', 'medium', 'medium', 'high', 'high', 'low', 'low', 'medium', 'high', 'low', 'medium', 'high', 'medium', 'medium', 'low', 'low']","['N', 'T', 'N', 'N', 'T', 'T', 'N', 'T', 'N', 'N', 'T', 'T', 'T', 'T', 'N', 'N', 'T', 'T', 'N', 'N', 'T', 'N', 'T', 'N', 'N']","['C', 'C', 'C', 'S', 'C', 'S', 'S', 'S', 'S', 'S', 'C', 'C', 'S', 'S', 'C', 'C', 'C', 'S', 'C', 'S', 'S', 'S', 'C', 'C', 'C']","['Y', 'B', 'B', 'B', 'Y', 'B', 'Y', 'Y', 'B', 'Y', 'B', 'Y', 'B', 'Y', 'Y', 'B', 'Y', 'Y', 'Y', 'Y', 'B', 'B', 'B', 'B', 'Y']","['low', 'low', 'high', 'medium', 'medium', 'medium', 'medium', 'high']",4,"['N_Y_C', 'T_B_C', 'N_B_C', 'N_B_S', 'T_Y_C', 'T_B_S', 'N_Y_S', 'T_Y_S', 'N_B_S', 'N_Y_S', 'T_B_C', 'T_Y_C', 'T_B_S', 'T_Y_S', 'N_Y_C', 'N_B_C', 'T_Y_C', 'T_Y_S', 'N_Y_C', 'N_Y_S', 'T_B_S', 'N_B_S', 'T_B_C', 'N_B_C', 'N_Y_C']",1,Yes,No,No,,,,6.0,,4.0
020,"['Because it wanted to', 'Because its greedy', 'Because its not hungry', 'Because its lunch', 'Because its hungry', 'Because its hungry', 'Because its hungry', 'because its hungry', 'because its hungry', 'because its hungry', 'because its hungry', 'because its hungry', 'because its hungry', 'because its hungry', 'because its hungry', 'because its hungry', 'because its hungry', 'because its hungry', 'because its hungry', 'because its hungry', 'because its hungry', 'because its hungry', 'because its hungry', 'because its hungry']",['Nonsensical'],"[6.0, 7.0, 2.0, 4.0, 7.0, 6.0, 7.0, 4.0, 8.0, 5.0, 4.0, 9.0, 8.0, 3.0, 7.0, 1.0, 3.0, 7.0, 3.0, 1.0, 7.0, 4.0, 4.0, 2.0, 6.0]",338.9352,"['T_Y_C', 'T_B_S', 'N_Y_C', 'N_B_C', 'T_B_C', 'N_Y_S', 'N_B_S', 'T_Y_S']","[7.0, 6.0, 5.0, 10.0, 4.0, 9.0, 2.0, 3.0]","['medium', 'medium', 'low', 'low', 'high', 'medium', 'high', 'medium', 'medium', 'medium', 'medium', 'high', 'medium', 'low', 'high', 'low', 'medium', 'high', 'high', 'low', 'medium', 'medium', 'medium', 'low', 'medium']","['T', 'T', 'N', 'N', 'T', 'N', 'T', 'N', 'T', 'N', 'N', 'T', 'T', 'N', 'T', 'N', 'T', 'T', 'T', 'N', 'T', 'N', 'N', 'N', 'T']","['C', 'C', 'C', 'C', 'S', 'S', 'S', 'S', 'C', 'S', 'S', 'S', 'C', 'C', 'S', 'C', 'C', 'S', 'S', 'C', 'C', 'S', 'S', 'C', 'C']","['Y', 'B', 'B', 'Y', 'Y', 'B', 'B', 'Y', 'Y', 'Y', 'B', 'B', 'B', 'Y', 'Y', 'B', 'Y', 'Y', 'B', 'B', 'B', 'B', 'Y', 'Y', 'Y']","['medium', 'high', 'low', 'low', 'medium', 'medium', 'medium', 'high']",20,"['T_Y_C', 'T_B_C', 'N_B_C', 'N_Y_C', 'T_Y_S', 'N_B_S', 'T_B_S', 'N_Y_S', 'T_Y_C', 'N_Y_S', 'N_B_S', 'T_B_S', 'T_B_C', 'N_Y_C', 'T_Y_S', 'N_B_C', 'T_Y_C', 'T_Y_S', 'T_B_S', 'N_B_C', 'T_B_C', 'N_B_S', 'N_Y_S', 'N_Y_C', 'T_Y_C']",1,Yes,Yes,Yes,,,,4.0,5.0,7.0
025,"['Maybe because it is the first day?', ""Maybe because of its' color"", 'It is day two', ""The shape of its' body"", 'The color and shape of its body', ""It doesn't have a tail"", 'It is yellow with a tail', 'It is circular without a tail', 'It is blue and rectangular and has a tail', 'It is yellow with a rectangular body and no tail', 'It has a tail', 'It does not have a tail', 'It has a tail', 'It has a oval body', 'It has an oval body', ""It doesn't have a tail"", 'It has a tail and oval body', 'It has a tail and rectangular body', 'It has a tail and oval body', 'Rectangular body with tail', 'Oval body, no tail', 'Oval body, no tail', 'Rectangular body no tail']","[""I have no comments at this time. I did miss the first comment because I didn't realize you could just start typing to enter the information. Thank you very much for the opportunity!""]","[4.0, 5.0, 4.0, 7.0, 6.0, 7.0, 5.0, 5.0, 5.0, 6.0, 4.0, 9.0, 5.0, 6.0, 3.0, 2.0, 3.0, 4.0, 7.0, 6.0, 7.0, 2.0, 2.0, 6.0, 4.0]",382.158,"['N_Y_S', 'T_Y_C', 'T_B_C', 'T_B_S', 'N_B_S', 'T_Y_S', 'N_B_C', 'N_Y_C']","[7.0, 4.0, 4.0, 6.0, 6.0, 8.0, 3.0, 2.0]","['medium', 'low', 'low', 'medium', 'medium', 'high', 'medium', 'high', 'low', 'high', 'medium', 'high', 'medium', 'medium', 'medium', 'low', 'medium', 'medium', 'high', 'medium', 'high', 'low', 'low', 'medium', 'medium']","['T', 'N', 'N', 'T', 'N', 'T', 'N', 'T', 'N', 'T', 'N', 'T', 'N', 'T', 'T', 'N', 'N', 'T', 'T', 'T', 'T', 'N', 'N', 'N', 'T']","['C', 'C', 'C', 'C', 'S', 'S', 'S', 'S', 'C', 'S', 'S', 'S', 'S', 'C', 'C', 'C', 'S', 'C', 'S', 'C', 'S', 'C', 'C', 'S', 'C']","['B', 'Y', 'B', 'Y', 'Y', 'B', 'B', 'Y', 'Y', 'B', 'Y', 'Y', 'B', 'B', 'Y', 'B', 'B', 'Y', 'Y', 'B', 'B', 'Y', 'B', 'Y', 'B']","['medium', 'medium', 'medium', 'high', 'medium', 'high', 'low', 'low']",25,"['T_B_C', 'N_Y_C', 'N_B_C', 'T_Y_C', 'N_Y_S', 'T_B_S', 'N_B_S', 'T_Y_S', 'N_Y_C', 'T_B_S', 'N_Y_S', 'T_Y_S', 'N_B_S', 'T_B_C', 'T_Y_C', 'N_B_C', 'N_B_S', 'T_Y_C', 'T_Y_S', 'T_B_C', 'T_B_S', 'N_Y_C', 'N_B_C', 'N_Y_S', 'T_B_C']",0,Yes,No,Yes,Square,,,4.0,,3.0
008,"['It was all it was given', 'It was given that much food', ""That's how much food it was given"", ""That's how much food it was given"", ""That's how much food it was given"", ""That's how much food it was given"", ""That's how much food it was given"", ""That's how much food it was given"", ""That's how much food it was given"", ""That's how much food it was given"", ""That's how much food it was given"", ""That's how much food it was given"", ""That's how much food it was given"", ""That's how much food it was given"", ""That's how much food it was given"", ""That's how much food it was given"", ""That's how much food it was given"", ""That's how much food it was given"", 'they eat less than blue square no tail', 'They eat less than round yellow with tail', 'They eat more than yellow round no tail', 'They eat much less than round blue with tail', 'They eat more than yellow square without a tail', 'They eat less than yellow square with a tail']","['By the time I figured out that there were actually 8 different types of divisions between the different sperks, that part was over.']","[1.0, 7.0, 6.0, 6.0, 7.0, 5.0, 1.0, 10.0, 6.0, 6.0, 5.0, 3.0, 4.0, 8.0, 6.0, 5.0, 5.0, 8.0, 5.0, 4.0, 5.0, 1.0, 8.0, 4.0, 1.0]",779.0407,"['T_Y_C', 'N_Y_S', 'N_B_S', 'N_Y_C', 'T_B_S', 'N_B_C', 'T_B_C', 'T_Y_S']","[4.0, 4.0, 6.0, 5.0, 5.0, 3.0, 5.0, 6.0]","['low', 'medium', 'medium', 'medium', 'medium', 'high', 'low', 'high', 'high', 'medium', 'medium', 'low', 'medium', 'high', 'medium', 'low', 'medium', 'high', 'medium', 'low', 'medium', 'low', 'high', 'medium', 'low']","['N', 'T', 'N', 'N', 'T', 'T', 'N', 'T', 'T', 'T', 'N', 'N', 'T', 'T', 'N', 'N', 'T', 'T', 'N', 'N', 'T', 'N', 'T', 'N', 'N']","['C', 'C', 'S', 'S', 'C', 'S', 'C', 'S', 'S', 'C', 'S', 'C', 'C', 'S', 'S', 'C', 'C', 'S', 'S', 'C', 'C', 'C', 'S', 'S', 'C']","['Y', 'Y', 'Y', 'B', 'B', 'B', 'B', 'Y', 'Y', 'B', 'Y', 'B', 'Y', 'B', 'B', 'Y', 'B', 'B', 'B', 'Y', 'Y', 'B', 'Y', 'Y', 'Y']","['medium', 'medium', 'medium', 'low', 'high', 'low', 'medium', 'high']",8,"['N_Y_C', 'T_Y_C', 'N_Y_S', 'N_B_S', 'T_B_C', 'T_B_S', 'N_B_C', 'T_Y_S', 'T_Y_S', 'T_B_C', 'N_Y_S', 'N_B_C', 'T_Y_C', 'T_B_S', 'N_B_S', 'N_Y_C', 'T_B_C', 'T_B_S', 'N_B_S', 'N_Y_C', 'T_Y_C', 'N_B_C', 'T_Y_S', 'N_Y_S', 'N_Y_C']",1,No,Yes,Yes,,Yellow,Having a tail,,3.0,5.0
002,"['Because it has a tail.\xa0', 'Because it has a square body', 'Because it has a round body', 'Because it has a square body and a tail', 'Because it has a square body\xa0', 'Because it has a round body\xa0', 'Because it has a rectangle body\xa0', 'It has a round body and tail\xa0', 'Rectangle body and tail\xa0', 'Rectangle body and tail\xa0', 'Because it has a round body\xa0', 'Because it has a rectangular body and no tail\xa0', 'It has a round body and is yellow\xa0', 'Rectangular bodies eat 5.\xa0', 'Because it’s yellow, circular, and has a tail.\xa0', 'Because it’s circular with a tail.\xa0', 'Because it’s rectangular and has a tail.\xa0', 'Because it’s round without a tail.\xa0', 'Because it’s rectangular with a tail.\xa0', 'Because it’s round and yellow\xa0', 'Because it’s rectangular and yellow.\xa0', 'Because it’s round with a tail\xa0', 'Because it’s round\xa0', 'It’s rectangular without a tail.\xa0']",[],"[5.0, 5.0, 2.0, 8.0, 5.0, 2.0, 5.0, 3.0, 6.0, 7.0, 2.0, 4.0, 5.0, 5.0, 5.0, 4.0, 8.0, 3.0, 6.0, 3.0, 6.0, 3.0, 2.0, 4.0, 5.0]",507.909,"['T_B_S', 'N_B_C', 'N_Y_C', 'N_B_S', 'T_B_C', 'T_Y_C', 'T_Y_S', 'N_Y_S']","[5.0, 2.0, 3.0, 4.0, 4.0, 5.0, 7.0, 5.0]","['medium', 'medium', 'low', 'high', 'medium', 'low', 'high', 'medium', 'high', 'high', 'low', 'medium', 'low', 'medium', 'medium', 'medium', 'high', 'low', 'high', 'low', 'medium', 'medium', 'medium', 'medium', 'medium']","['T', 'N', 'N', 'T', 'N', 'N', 'T', 'T', 'T', 'T', 'N', 'N', 'N', 'N', 'T', 'T', 'T', 'N', 'T', 'N', 'N', 'T', 'T', 'N', 'T']","['C', 'S', 'C', 'S', 'S', 'C', 'S', 'C', 'S', 'S', 'C', 'S', 'C', 'S', 'C', 'C', 'S', 'C', 'S', 'C', 'S', 'C', 'C', 'S', 'C']","['B', 'Y', 'Y', 'Y', 'B', 'B', 'B', 'Y', 'B', 'Y', 'B', 'Y', 'Y', 'B', 'Y', 'B', 'B', 'B', 'Y', 'Y', 'Y', 'B', 'Y', 'B', 'B']","['high', 'low', 'low', 'medium', 'medium', 'medium', 'high', 'medium']",2,"['T_B_C', 'N_Y_S', 'N_Y_C', 'T_Y_S', 'N_B_S', 'N_B_C', 'T_B_S', 'T_Y_C', 'T_B_S', 'T_Y_S', 'N_B_C', 'N_Y_S', 'N_Y_C', 'N_B_S', 'T_Y_C', 'T_B_C', 'T_B_S', 'N_B_C', 'T_Y_S', 'N_Y_C', 'N_Y_S', 'T_B_C', 'T_Y_C', 'N_B_S', 'T_B_C']",1,Yes,No,Yes,Square,,Having a tail,7.0,,4.0
027,"['red eye', 'blue', 'no tail', 'body shape', 'body shape', 'tail + red eye', 'tail + red eye + blue', 'body shape + 1 (blue)', 'no idea', 'body shape', 'body shape', 'body shape', 'body shape + yellow', 'body shape + yellow', 'body shape', 'body shape + no tail', 'body shape + 1 (blue represents one)', 'body shape', 'absolutely no idea', ""i don't know"", ""body shape but I don't know how any of it matches with the numbers"", ""I don't know"", 'no idea', 'no idea']",[],"[6.0, 5.0, 1.0, 4.0, 3.0, 6.0, 7.0, 4.0, 6.0, 4.0, 6.0, 4.0, 3.0, 6.0, 6.0, 5.0, 5.0, 2.0, 5.0, 7.0, 8.0, 3.0, 4.0, 3.0, 6.0]",462.9379,"['N_B_S', 'T_Y_S', 'N_Y_C', 'N_Y_S', 'T_B_C', 'N_B_C', 'T_B_S', 'T_Y_C']","[4.0, 6.0, 3.0, 2.0, 5.0, 3.0, 7.0, 7.0]","['medium', 'medium', 'low', 'medium', 'low', 'high', 'high', 'medium', 'medium', 'low', 'medium', 'low', 'medium', 'high', 'high', 'medium', 'medium', 'medium', 'high', 'high', 'medium', 'low', 'medium', 'low', 'medium']","['T', 'N', 'N', 'N', 'N', 'T', 'T', 'T', 'T', 'N', 'N', 'N', 'T', 'T', 'T', 'N', 'T', 'N', 'T', 'T', 'T', 'N', 'N', 'N', 'T']","['C', 'S', 'C', 'S', 'C', 'S', 'S', 'C', 'C', 'C', 'S', 'C', 'C', 'S', 'S', 'S', 'C', 'S', 'S', 'S', 'C', 'C', 'S', 'C', 'C']","['Y', 'B', 'Y', 'Y', 'B', 'Y', 'B', 'B', 'B', 'Y', 'B', 'B', 'Y', 'Y', 'B', 'Y', 'B', 'Y', 'B', 'Y', 'Y', 'Y', 'B', 'B', 'Y']","['medium', 'high', 'low', 'medium', 'medium', 'low', 'high', 'medium']",27,"['T_Y_C', 'N_B_S', 'N_Y_C', 'N_Y_S', 'N_B_C', 'T_Y_S', 'T_B_S', 'T_B_C', 'T_B_C', 'N_Y_C', 'N_B_S', 'N_B_C', 'T_Y_C', 'T_Y_S', 'T_B_S', 'N_Y_S', 'T_B_C', 'N_Y_S', 'T_B_S', 'T_Y_S', 'T_Y_C', 'N_Y_C', 'N_B_S', 'N_B_C', 'T_Y_C']",1,Yes,Yes,Yes,Circular,Yellow,Having a tail,3.0,2.0,2.0
029,"['That is what they normally eat\xa0', 'That is their normal meal', 'That is a bit above normal', 'That is their normal meal', 'This is too low', 'This is a bit above normal', 'This is a bit low', 'This is normal\xa0', 'This is normal\xa0', 'This is normal', 'This is a bit high\xa0', 'This is normal\xa0', 'This is normal', 'This is normal\xa0', 'This is high', 'This is normal\xa0', 'This is normal\xa0', 'This is normal\xa0', 'This is high', 'This is low', 'This is normal', 'This is normal', 'This is high', 'This is normal']",[],"[5.0, 5.0, 6.0, 7.0, 1.0, 8.0, 2.0, 6.0, 5.0, 9.0, 4.0, 5.0, 5.0, 3.0, 8.0, 6.0, 2.0, 4.0, 7.0, 2.0, 7.0, 8.0, 6.0, 4.0, 5.0]",248.891,"['T_Y_S', 'T_Y_C', 'N_B_S', 'N_Y_S', 'T_B_C', 'T_B_S', 'N_B_C', 'N_Y_C']","[7.0, 4.0, 6.0, 7.0, 7.0, 6.0, 8.0, 3.0]","['low', 'medium', 'medium', 'medium', 'low', 'high', 'medium', 'high', 'high', 'high', 'low', 'medium', 'medium', 'low', 'medium', 'medium', 'low', 'medium', 'high', 'medium', 'high', 'medium', 'medium', 'low', 'low']","['N', 'N', 'T', 'N', 'N', 'T', 'T', 'T', 'T', 'T', 'N', 'T', 'N', 'N', 'T', 'N', 'N', 'N', 'T', 'N', 'T', 'T', 'T', 'N', 'N']","['C', 'S', 'C', 'S', 'C', 'S', 'C', 'S', 'S', 'S', 'C', 'C', 'S', 'C', 'C', 'S', 'C', 'S', 'S', 'S', 'S', 'C', 'C', 'C', 'C']","['B', 'B', 'B', 'Y', 'Y', 'B', 'Y', 'Y', 'Y', 'B', 'Y', 'Y', 'B', 'B', 'B', 'Y', 'Y', 'Y', 'B', 'B', 'Y', 'B', 'Y', 'B', 'B']","['high', 'medium', 'medium', 'medium', 'medium', 'high', 'low', 'low']",29,"['N_B_C', 'N_B_S', 'T_B_C', 'N_Y_S', 'N_Y_C', 'T_B_S', 'T_Y_C', 'T_Y_S', 'T_Y_S', 'T_B_S', 'N_Y_C', 'T_Y_C', 'N_B_S', 'N_B_C', 'T_B_C', 'N_Y_S', 'N_Y_C', 'N_Y_S', 'T_B_S', 'N_B_S', 'T_Y_S', 'T_B_C', 'T_Y_C', 'N_B_C', 'N_B_C']",1,Yes,Yes,No,,,,6.0,5.0,
005,"['The sperk was not very hungry', 'The sperk was very hungry', 'this sperk did not like the food too much', 'he liked the red food', 'he really loved the red food', 'he liked the food but was not very hungry', 'he liked the food', 'he liked the food very much', 'he love the food', 'he liked the food and was hungry', 'he was hungry and loved the food', 'he was not hungry', 'he was not hungry', 'he was very hungry and loved the food', 'did not like the food very much', 'he did like the food', 'he did like the food', 'he did like the food', 'he does not like the food', 'he ikes the food', 'he likes the food very uch', 'he does like the food', 'he does not like the food']",[],"[4.0, 1.0, 5.0, 3.0, 4.0, 7.0, 5.0, 5.0, 5.0, 7.0, 6.0, 6.0, 1.0, 1.0, 9.0, 5.0, 5.0, 6.0, 5.0, 3.0, 4.0, 5.0, 4.0, 3.0, 4.0]",397.868,"['T_Y_C', 'N_Y_S', 'T_B_C', 'T_Y_S', 'T_B_S', 'N_B_S', 'N_B_C', 'N_Y_C']","[7.0, 5.0, 6.0, 7.0, 8.0, 3.0, 3.0, 3.0]","['high', 'low', 'medium', 'low', 'medium', 'high', 'medium', 'medium', 'medium', 'medium', 'high', 'medium', 'low', 'low', 'high', 'medium', 'low', 'high', 'high', 'medium', 'low', 'medium', 'medium', 'medium', 'high']","['T', 'N', 'T', 'N', 'N', 'T', 'T', 'N', 'N', 'T', 'T', 'N', 'N', 'N', 'T', 'T', 'N', 'T', 'T', 'T', 'N', 'N', 'N', 'T', 'T']","['S', 'C', 'C', 'C', 'S', 'S', 'C', 'S', 'S', 'C', 'S', 'S', 'C', 'C', 'S', 'C', 'C', 'S', 'S', 'C', 'C', 'S', 'S', 'C', 'S']","['Y', 'B', 'Y', 'Y', 'B', 'B', 'B', 'Y', 'Y', 'B', 'B', 'B', 'Y', 'B', 'Y', 'Y', 'Y', 'B', 'Y', 'B', 'B', 'B', 'Y', 'Y', 'Y']","['medium', 'medium', 'medium', 'high', 'high', 'medium', 'low', 'low']",5,"['T_Y_S', 'N_B_C', 'T_Y_C', 'N_Y_C', 'N_B_S', 'T_B_S', 'T_B_C', 'N_Y_S', 'N_Y_S', 'T_B_C', 'T_B_S', 'N_B_S', 'N_Y_C', 'N_B_C', 'T_Y_S', 'T_Y_C', 'N_Y_C', 'T_B_S', 'T_Y_S', 'T_B_C', 'N_B_C', 'N_B_S', 'N_Y_S', 'T_Y_C', 'T_Y_S']",0,No,Yes,Yes,,Yellow,Having a tail,,4.0,5.0
009,"['It has a square body and no tail.', 'It is yellow and round.', 'It is yellow and has a tail.', 'It has a tail and is blue.', 'It has no tail.', 'It is square and has a tail.', 'It is yellow, square and has a tail.', 'It is yellow and square', 'It is yellow, round and has a tail', 'It has no tail', 'It is blue and square', 'It is yellow and square', 'It is blue, round has has a tail', 'It is yellow, square, has a tail', 'It is blue, square, has a tail', 'It has no tail', 'It has no tail', 'It has a tail', 'It has no tail and is round', 'It is yellow and square', 'It has no tail', 'It has a tail and is square', 'It is round', 'It is square and has a tail']",[':)'],"[6.0, 4.0, 6.0, 5.0, 2.0, 7.0, 9.0, 5.0, 7.0, 4.0, 5.0, 5.0, 6.0, 7.0, 7.0, 4.0, 4.0, 6.0, 5.0, 9.0, 4.0, 8.0, 3.0, 5.0, 6.0]",478.9115,"['N_B_C', 'N_Y_S', 'T_B_S', 'T_Y_S', 'N_Y_C', 'T_B_C', 'N_B_S', 'T_Y_C']","[4.0, 6.0, 8.0, 8.0, 4.0, 7.0, 6.0, 7.0]","['medium', 'low', 'medium', 'medium', 'low', 'high', 'high', 'medium', 'medium', 'low', 'medium', 'medium', 'medium', 'high', 'high', 'low', 'medium', 'medium', 'low', 'medium', 'low', 'high', 'medium', 'high', 'medium']","['N', 'N', 'T', 'T', 'N', 'T', 'T', 'N', 'T', 'N', 'N', 'N', 'T', 'T', 'T', 'N', 'N', 'T', 'N', 'N', 'N', 'T', 'T', 'T', 'N']","['S', 'C', 'C', 'C', 'C', 'S', 'S', 'S', 'C', 'C', 'S', 'S', 'C', 'S', 'S', 'C', 'S', 'C', 'C', 'S', 'C', 'S', 'C', 'S', 'S']","['B', 'Y', 'Y', 'B', 'B', 'B', 'Y', 'Y', 'Y', 'B', 'B', 'Y', 'B', 'Y', 'B', 'Y', 'B', 'Y', 'Y', 'Y', 'B', 'Y', 'B', 'B', 'B']","['low', 'medium', 'high', 'high', 'low', 'medium', 'medium', 'medium']",9,"['N_B_S', 'N_Y_C', 'T_Y_C', 'T_B_C', 'N_B_C', 'T_B_S', 'T_Y_S', 'N_Y_S', 'T_Y_C', 'N_B_C', 'N_B_S', 'N_Y_S', 'T_B_C', 'T_Y_S', 'T_B_S', 'N_Y_C', 'N_B_S', 'T_Y_C', 'N_Y_C', 'N_Y_S', 'N_B_C', 'T_Y_S', 'T_B_C', 'T_B_S', 'N_B_S']",1,Yes,No,Yes,Square,,Having a tail,5.0,,5.0
024,"['It only needed that much because it looks rather small.', 'It exercised a bit much so it needed more food.', ""It is pretty small so it doesn't need much food."", ""It wasn't feeling well so it didn't want too much to eat."", 'That amount of food looks about right for that size of sperk.', 'It looks like the right amount for that size of sperk.', ""It's a small sperk so it doesn't require too much to eat."", ""It's a rather small sperk so it doesn't have a big appetite."", ""Small sperks usually don't eat very much."", 'This sperk is a bit larger, hence the larger serving of food.', ""For a small sperk, that is a somewhat larger amount of food. Maybe it's activity level increased."", 'That is a normal amount of food for that size of sperk.', ""Perhaps it's activity level decreased."", ""Perhaps the small sperk's activity level increased."", ""This sperk possibly wasn't as hungry as usual."", ""Perhaps this sperk isn't feeling well."", ""Perhaps this sperk's activity level increased."", ""This sperk possibly increased it's activity level."", 'This is a somewhat normal amount of food for this size of sperk.', 'This sperk must be feeling ill.', 'This sperk possibly increased its activity level.', 'This sperk is possibly feeling ill.', 'This is a normal amount of food for this sperk.', 'This sperk possibly increased its activity level.']","[""The task seemed easy, but my memory isn't great so I'm sure I got the different sperks flipped around quite a bit.""]","[6.0, 9.0, 5.0, 3.0, 5.0, 6.0, 3.0, 2.0, 4.0, 6.0, 6.0, 6.0, 5.0, 6.0, 5.0, 2.0, 5.0, 5.0, 5.0, 1.0, 5.0, 2.0, 6.0, 8.0, 6.0]",606.9388,"['T_Y_C', 'N_Y_S', 'T_Y_S', 'N_Y_C', 'T_B_C', 'N_B_C', 'N_B_S', 'T_B_S']","[4.0, 5.0, 6.0, 3.0, 5.0, 3.0, 6.0, 5.0]","['medium', 'high', 'medium', 'medium', 'medium', 'high', 'low', 'low', 'low', 'high', 'medium', 'high', 'medium', 'medium', 'medium', 'low', 'low', 'medium', 'high', 'low', 'medium', 'medium', 'medium', 'high', 'medium']","['N', 'T', 'T', 'T', 'N', 'T', 'N', 'N', 'N', 'T', 'T', 'T', 'N', 'T', 'N', 'N', 'N', 'T', 'T', 'N', 'T', 'N', 'N', 'T', 'N']","['S', 'S', 'C', 'C', 'S', 'S', 'C', 'C', 'C', 'S', 'C', 'S', 'S', 'C', 'S', 'C', 'C', 'C', 'S', 'C', 'C', 'S', 'S', 'S', 'S']","['B', 'B', 'Y', 'B', 'Y', 'Y', 'Y', 'B', 'Y', 'B', 'Y', 'Y', 'Y', 'B', 'B', 'B', 'B', 'Y', 'Y', 'Y', 'B', 'Y', 'B', 'B', 'B']","['medium', 'medium', 'high', 'low', 'medium', 'low', 'medium', 'high']",24,"['N_B_S', 'T_B_S', 'T_Y_C', 'T_B_C', 'N_Y_S', 'T_Y_S', 'N_Y_C', 'N_B_C', 'N_Y_C', 'T_B_S', 'T_Y_C', 'T_Y_S', 'N_Y_S', 'T_B_C', 'N_B_S', 'N_B_C', 'N_B_C', 'T_Y_C', 'T_Y_S', 'N_Y_C', 'T_B_C', 'N_Y_S', 'N_B_S', 'T_B_S', 'N_B_S']",1,Yes,No,No,Square,,,2.0,,
021,"['This sperk ate 2 peppers', 'This sperk also ate 2 peppers', 'This square sperk ate more, 4 peppers', 'The square sperk also ate more, 8 peppers. Seems like square sperks eat more', 'This oval sperk at 5 peppers', 'This square sperk ate 7 peppers, keeping with the trend for square ones.\xa0', 'This square one ate 5', 'This oval one ate 4', 'This square one at six peppers', 'This oval one at 4', 'This oval one ate only 2 peppers', 'This square one ate 7', 'This oval sperk ate 4 peppers', 'This oval sperk ate 5', 'This square one ate 6 peppers, keeping with the trend', 'This square one ate 7', 'This oval one only ate 2, keeping with the trend', 'This square one ate 4, a little light for a square sperk', 'This oval sperk ate 4; Reasonable.\xa0', 'This oval sperk ate 5; Less reasonable\xa0', 'This square one ate 5, keeping with the trend', 'This square one at 9 peppers and needs to really think about their life choices', 'This oval one at 2; Reasonable', 'This square one at 6']",[],"[2.0, 2.0, 4.0, 8.0, 5.0, 7.0, 5.0, 4.0, 6.0, 4.0, 2.0, 7.0, 4.0, 5.0, 6.0, 7.0, 2.0, 4.0, 4.0, 5.0, 5.0, 10.0, 2.0, 6.0, 2.0]",305.7446,"['N_Y_S', 'N_B_C', 'T_Y_S', 'T_Y_C', 'N_Y_C', 'T_B_S', 'N_B_S', 'T_B_C']","[6.0, 3.0, 6.0, 3.0, 3.0, 6.0, 6.0, 3.0]","['medium', 'low', 'high', 'high', 'medium', 'medium', 'medium', 'low', 'medium', 'medium', 'low', 'high', 'low', 'medium', 'high', 'medium', 'low', 'medium', 'medium', 'medium', 'medium', 'high', 'low', 'high', 'medium']","['T', 'N', 'T', 'T', 'T', 'N', 'N', 'N', 'N', 'T', 'N', 'T', 'N', 'T', 'T', 'N', 'N', 'N', 'T', 'T', 'N', 'T', 'N', 'T', 'T']","['C', 'C', 'S', 'S', 'C', 'S', 'S', 'C', 'S', 'C', 'C', 'S', 'C', 'C', 'S', 'S', 'C', 'S', 'C', 'C', 'S', 'S', 'C', 'S', 'C']","['Y', 'B', 'Y', 'B', 'B', 'B', 'Y', 'Y', 'B', 'Y', 'B', 'Y', 'Y', 'B', 'B', 'Y', 'B', 'Y', 'Y', 'B', 'B', 'Y', 'Y', 'B', 'Y']","['medium', 'low', 'high', 'medium', 'low', 'high', 'medium', 'medium']",21,"['T_Y_C', 'N_B_C', 'T_Y_S', 'T_B_S', 'T_B_C', 'N_B_S', 'N_Y_S', 'N_Y_C', 'N_B_S', 'T_Y_C', 'N_B_C', 'T_Y_S', 'N_Y_C', 'T_B_C', 'T_B_S', 'N_Y_S', 'N_B_C', 'N_Y_S', 'T_Y_C', 'T_B_C', 'N_B_S', 'T_Y_S', 'N_Y_C', 'T_B_S', 'T_Y_C']",0,No,No,No,,,,,,
023,"['body size', 'energy needed', 'energy needed', 'colour', 'colour', 'child', 'mother', 'adult', 'father', 'child', 'child', 'mother', 'child', 'mother', 'feeding mother', 'child', 'mother feeding', 'mother', 'dad', 'feeing mother', 'child', 'mother', 'child', 'feeding mum']",[],"[2.0, 5.0, 3.0, 6.0, 7.0, 4.0, 9.0, 3.0, 5.0, 1.0, 4.0, 5.0, 5.0, 6.0, 8.0, 5.0, 9.0, 4.0, 4.0, 7.0, 1.0, 7.0, 1.0, 7.0, 2.0]",686.5479,"['T_Y_S', 'T_B_S', 'N_B_C', 'N_B_S', 'T_B_C', 'T_Y_C', 'N_Y_S', 'N_Y_C']","[7.0, 7.0, 3.0, 6.0, 8.0, 8.0, 6.0, 7.0]","['low', 'medium', 'medium', 'medium', 'high', 'medium', 'high', 'low', 'low', 'low', 'medium', 'medium', 'medium', 'high', 'high', 'medium', 'high', 'medium', 'medium', 'medium', 'low', 'medium', 'low', 'high', 'low']","['N', 'T', 'N', 'N', 'T', 'T', 'T', 'N', 'N', 'N', 'N', 'T', 'N', 'T', 'T', 'T', 'T', 'N', 'N', 'T', 'N', 'T', 'N', 'T', 'N']","['C', 'C', 'S', 'S', 'S', 'C', 'S', 'C', 'C', 'C', 'S', 'C', 'S', 'S', 'S', 'C', 'S', 'S', 'S', 'C', 'C', 'C', 'C', 'S', 'C']","['B', 'Y', 'Y', 'B', 'Y', 'B', 'B', 'Y', 'Y', 'B', 'Y', 'B', 'B', 'Y', 'B', 'Y', 'B', 'B', 'Y', 'Y', 'Y', 'B', 'B', 'Y', 'B']","['high', 'high', 'low', 'medium', 'medium', 'medium', 'medium', 'low']",23,"['N_B_C', 'T_Y_C', 'N_Y_S', 'N_B_S', 'T_Y_S', 'T_B_C', 'T_B_S', 'N_Y_C', 'N_Y_C', 'N_B_C', 'N_Y_S', 'T_B_C', 'N_B_S', 'T_Y_S', 'T_B_S', 'T_Y_C', 'T_B_S', 'N_B_S', 'N_Y_S', 'T_Y_C', 'N_Y_C', 'T_B_C', 'N_B_C', 'T_Y_S', 'N_B_C']",1,Yes,Yes,Yes,Square,Yellow,Having a tail,6.0,5.0,6.0
026,"['It is the average that he eats in a day.', 'It is the average it eats in a day.', 'It is yellow.', 'It is yellow and two circles.', 'It is blue and two circles.', 'It has no tail.', 'It is a circle and square with no tail.', 'It is a circle and square with a tail.', 'It is yellow and two circles with no tail.', 'It has no tail and is yellow.', 'It is a blue circle and square with a tail.', 'It is yellow with a tail and two circles.', 'It is blue, two circles and a tail.', 'It is a circle and square without a tail.', 'It is a yellow circle and square with a tail.', 'It is blue circles with no tail.', 'It is a yellow circle and square with tail.', 'It is two circles with a tail.', 'It is a blue square and circle with a tail.', 'It is yellow with no tail.', 'It is two blue circles.', 'It is two yellow circles.', 'It is two circles with a tail and blue.', 'It is a blue circle and square with no tail.']",['It was somewhat difficult to remember the details of each one over future turns.'],"[6.0, 4.0, 4.0, 5.0, 6.0, 3.0, 2.0, 6.0, 5.0, 6.0, 8.0, 5.0, 6.0, 5.0, 5.0, 5.0, 8.0, 2.0, 7.0, 4.0, 4.0, 3.0, 6.0, 7.0, 6.0]",481.2175,"['T_B_C', 'N_B_C', 'N_Y_C', 'N_B_S', 'T_Y_C', 'N_Y_S', 'T_Y_S', 'T_B_S']","[6.0, 4.0, 3.0, 6.0, 4.0, 5.0, 5.0, 7.0]","['high', 'low', 'medium', 'medium', 'medium', 'low', 'medium', 'high', 'low', 'medium', 'high', 'medium', 'medium', 'medium', 'high', 'low', 'high', 'medium', 'high', 'medium', 'low', 'low', 'medium', 'medium', 'high']","['T', 'N', 'N', 'T', 'T', 'N', 'N', 'T', 'N', 'N', 'T', 'T', 'T', 'N', 'T', 'N', 'T', 'T', 'T', 'N', 'N', 'N', 'T', 'N', 'T']","['S', 'C', 'S', 'C', 'C', 'C', 'S', 'S', 'C', 'S', 'S', 'C', 'C', 'S', 'S', 'C', 'S', 'C', 'S', 'S', 'C', 'C', 'C', 'S', 'S']","['B', 'Y', 'Y', 'Y', 'B', 'B', 'B', 'Y', 'Y', 'Y', 'B', 'Y', 'B', 'B', 'Y', 'B', 'Y', 'Y', 'B', 'Y', 'B', 'Y', 'B', 'B', 'B']","['medium', 'low', 'low', 'medium', 'medium', 'medium', 'high', 'high']",26,"['T_B_S', 'N_Y_C', 'N_Y_S', 'T_Y_C', 'T_B_C', 'N_B_C', 'N_B_S', 'T_Y_S', 'N_Y_C', 'N_Y_S', 'T_B_S', 'T_Y_C', 'T_B_C', 'N_B_S', 'T_Y_S', 'N_B_C', 'T_Y_S', 'T_Y_C', 'T_B_S', 'N_Y_S', 'N_B_C', 'N_Y_C', 'T_B_C', 'N_B_S', 'T_B_S']",1,Yes,Yes,Yes,Square,Blue,Having no tail,5.0,4.0,2.0
001,"['because he had red eyes', 'because he had red eyes', 'because his body was square', 'becaue his body is yellow and square', 'because his eye was red', 'becase his tail is curled', 'because his eye is rex', 'his eye is red', 'his body is square', 'his body is rectangular', 'his body is oval', 'his body is yellow and rectangular', 'his body is yellow', 'his body is oval', 'hes blue', 'hes blue', 'yellow and oval body', ""he's blue"", 'rectangle and blue', 'yellow and oval body', 'blue and rectangle body', 'oval body', 'yellow and rectangle body', 'yellow']",[],"[2.0, 3.0, 7.0, 2.0, 4.0, 4.0, 5.0, 4.0, 6.0, 4.0, 3.0, 6.0, 6.0, 4.0, 7.0, 5.0, 3.0, 5.0, 7.0, 3.0, 5.0, 2.0, 5.0, 4.0, 2.0]",448.675,"['T_Y_C', 'T_Y_S', 'N_B_C', 'N_Y_C', 'T_B_S', 'T_B_C', 'N_B_S', 'N_Y_S']","[2.0, 6.0, 4.0, 3.0, 5.0, 5.0, 5.0, 6.0]","['low', 'low', 'high', 'medium', 'high', 'medium', 'medium', 'medium', 'high', 'high', 'low', 'medium', 'medium', 'medium', 'medium', 'low', 'medium', 'medium', 'high', 'low', 'medium', 'low', 'high', 'medium', 'low']","['N', 'N', 'T', 'N', 'T', 'T', 'N', 'T', 'T', 'T', 'N', 'N', 'T', 'T', 'N', 'N', 'T', 'T', 'T', 'N', 'N', 'N', 'T', 'N', 'N']","['C', 'C', 'S', 'S', 'S', 'C', 'S', 'C', 'S', 'S', 'C', 'S', 'C', 'C', 'S', 'C', 'C', 'C', 'S', 'C', 'S', 'C', 'S', 'S', 'C']","['Y', 'B', 'B', 'Y', 'Y', 'Y', 'B', 'B', 'Y', 'B', 'Y', 'Y', 'Y', 'B', 'B', 'B', 'Y', 'B', 'B', 'Y', 'B', 'B', 'Y', 'Y', 'Y']","['medium', 'high', 'low', 'low', 'high', 'medium', 'medium', 'medium']",1,"['N_Y_C', 'N_B_C', 'T_B_S', 'N_Y_S', 'T_Y_S', 'T_Y_C', 'N_B_S', 'T_B_C', 'T_Y_S', 'T_B_S', 'N_Y_C', 'N_Y_S', 'T_Y_C', 'T_B_C', 'N_B_S', 'N_B_C', 'T_Y_C', 'T_B_C', 'T_B_S', 'N_Y_C', 'N_B_S', 'N_B_C', 'T_Y_S', 'N_Y_S', 'N_Y_C']",0,Yes,Yes,No,Square,Yellow,,5.0,5.0,
028,"['Yellow rectangle tail', 'Yellow circle no tail', 'Yellow rectangle no tail', 'Yellow circle tail', 'Blue circle no tail', 'Blue tail rectangle', 'Blue rectangle\xa0', 'Blue circle tail', 'Blue rectangle tail', 'Yellow tail circle', 'Yellow tail rectangle\xa0', 'Yellow circle', 'Blue tail circle', 'Blue circle', 'Blue rectangle\xa0', 'Yellow rectangle\xa0', 'Blue circle', 'Blue rectangle\xa0', 'Yellow rectangle\xa0', 'Blue tail circle', 'Yellow tail circle', 'Yellow tail rectangle\xa0', 'Yellow circle', 'Blue tail rectangle\xa0']",['Fun'],"[5.0, 4.0, 4.0, 4.0, 5.0, 8.0, 4.0, 6.0, 8.0, 6.0, 5.0, 3.0, 3.0, 4.0, 5.0, 5.0, 1.0, 5.0, 5.0, 6.0, 4.0, 10.0, 2.0, 8.0, 5.0]",256.858,"['N_Y_C', 'T_B_S', 'N_B_C', 'T_Y_C', 'T_B_C', 'N_Y_S', 'N_B_S', 'T_Y_S']","[4.0, 5.0, 4.0, 4.0, 6.0, 3.0, 4.0, 6.0]","['high', 'low', 'medium', 'medium', 'low', 'high', 'medium', 'medium', 'high', 'medium', 'high', 'low', 'medium', 'low', 'medium', 'medium', 'low', 'medium', 'medium', 'medium', 'medium', 'high', 'low', 'high', 'high']","['T', 'N', 'N', 'T', 'N', 'T', 'N', 'T', 'T', 'T', 'T', 'N', 'T', 'N', 'N', 'N', 'N', 'N', 'N', 'T', 'T', 'T', 'N', 'T', 'T']","['S', 'C', 'S', 'C', 'C', 'S', 'S', 'C', 'S', 'C', 'S', 'C', 'C', 'C', 'S', 'S', 'C', 'S', 'S', 'C', 'C', 'S', 'C', 'S', 'S']","['Y', 'Y', 'Y', 'Y', 'B', 'B', 'B', 'B', 'B', 'Y', 'Y', 'Y', 'B', 'B', 'B', 'Y', 'B', 'B', 'Y', 'B', 'Y', 'Y', 'Y', 'B', 'Y']","['low', 'high', 'low', 'medium', 'medium', 'medium', 'medium', 'high']",28,"['T_Y_S', 'N_Y_C', 'N_Y_S', 'T_Y_C', 'N_B_C', 'T_B_S', 'N_B_S', 'T_B_C', 'T_B_S', 'T_Y_C', 'T_Y_S', 'N_Y_C', 'T_B_C', 'N_B_C', 'N_B_S', 'N_Y_S', 'N_B_C', 'N_B_S', 'N_Y_S', 'T_B_C', 'T_Y_C', 'T_Y_S', 'N_Y_C', 'T_B_S', 'T_Y_S']",1,Yes,Yes,Yes,Square,Blue,,2.0,2.0,2.0
030,"['It has two legs and a red eye and that means it eats two peppers.', 'This blue sperk has a tail and so the amount it eats is multiplied by 4', ""This sperk's body is a rectangle so it eats slightly less than the sperks with an oval shaped body."", 'This sperk has no tail so it has slightly less need for food then the sperk with the rectangular body and the tail.', 'This yellow sperk does not have a tail nor a rectangular body and is yellow so it eats less then the blue sperk with the same features.', 'This yellow sperk has a rectangular body and a tail so it eats about 6 peppers or food.', ""This sperk is yellow and has a tail and has a oval shaped body but because it's yellow it eats less than the blue sperk with the same features so it only eats 6 food."", 'This sperk has a rectangular body but no tail but it ate a lot today because it was overfed.', 'This sperk has a rectangular body and a tail and so it is eating slightly less than it usually does which is 6\xa0 or 7 food.', ""This sperk has a rectangular body and no tail so it eats more less than one of it's kind would with a tail."", ""This sperk has a rectangular body and a tail which means it eats less than it's counterpart with an oval body and a tail and that is the same color so it only eats 6 food."", ""This sperk is being overfed as it has a rectangular body and no tail which means it shouldn't eat this much food."", 'This sperk is being underfed as I have seen it ate 8 food at another point. This sperk has an oval shaped body, is blue and has a tail which means it should eat the most.', ""This sperk has an oval shaped body and a tail but is yellow and so it eats less than it's blue counterpart on average so that is why it ate 5 food."", 'This sperk has an oval shaped body and no tail but is blue so it is being underfed slightly in eating only one food.', 'This sperk has an oval shaped body, is yellow and has no tail so it is being overfed slightly in having to eat four food.', 'This sperk is being fed the right amount as it has no tail and thus needs less food.', 'This sperk is being overfed as it has no tail and is yellow which means it needs to consume less food on average then blue sperks. It also has a rectangular shaped body which means it eats less.', 'This sperk has a rectangular shaped body, is yellow and has a tail which means it needs between 5 and 7 food which means it is being overfed with 9 food.', 'This sperk is yellow and has an oval shaped body which means it is slightly being overfed with four food.', 'This sperk ate this food amount because it is blue, has a rectangular shaped body and has a tail.', 'This sperk ate this amount because it is blue, has an oval shaped body and has a tail.', 'This sperk ate this amount because it is the lower end of what it can eat and because it is yellow, has an oval shaped body and has a tail.', 'This sperk ate this amount because it is being overfed. It has no tail and has a rectangular shaped body which means it should need less to sustain itself when compared to the oval shaped body and tail having sperk counterparts.']",['There was nothing clear nor confusing. It was hard trying to figure out in my head what the average amount the sperks ate was but that was part of the study I guess. I did not write any notes.'],"[2.0, 8.0, 7.0, 6.0, 1.0, 6.0, 6.0, 5.0, 5.0, 4.0, 6.0, 6.0, 3.0, 5.0, 1.0, 4.0, 2.0, 5.0, 9.0, 4.0, 7.0, 5.0, 5.0, 7.0, 2.0]",846.1921,"['N_Y_C', 'T_B_C', 'T_Y_S', 'N_B_C', 'T_Y_C', 'T_B_S', 'N_B_S', 'N_Y_S']","[4.0, 9.0, 5.0, 3.0, 6.0, 7.0, 2.0, 3.0]","['low', 'medium', 'high', 'medium', 'low', 'high', 'medium', 'medium', 'high', 'medium', 'high', 'medium', 'medium', 'medium', 'low', 'low', 'low', 'medium', 'high', 'low', 'high', 'medium', 'medium', 'medium', 'low']","['N', 'T', 'T', 'N', 'N', 'T', 'T', 'N', 'T', 'N', 'T', 'N', 'T', 'T', 'N', 'N', 'N', 'N', 'T', 'N', 'T', 'T', 'T', 'N', 'N']","['C', 'C', 'S', 'S', 'C', 'S', 'C', 'S', 'S', 'S', 'S', 'S', 'C', 'C', 'C', 'C', 'C', 'S', 'S', 'C', 'S', 'C', 'C', 'S', 'C']","['B', 'B', 'B', 'B', 'Y', 'Y', 'Y', 'Y', 'Y', 'B', 'B', 'Y', 'B', 'Y', 'B', 'Y', 'B', 'Y', 'Y', 'Y', 'B', 'B', 'Y', 'B', 'B']","['low', 'medium', 'high', 'low', 'medium', 'high', 'medium', 'medium']",30,"['N_B_C', 'T_B_C', 'T_B_S', 'N_B_S', 'N_Y_C', 'T_Y_S', 'T_Y_C', 'N_Y_S', 'T_Y_S', 'N_B_S', 'T_B_S', 'N_Y_S', 'T_B_C', 'T_Y_C', 'N_B_C', 'N_Y_C', 'N_B_C', 'N_Y_S', 'T_Y_S', 'N_Y_C', 'T_B_S', 'T_B_C', 'T_Y_C', 'N_B_S', 'N_B_C']",1,Yes,Yes,Yes,Circular,Blue,Having a tail,5.0,6.0,2.0
003,"['It is still growing so it needs a lot of nutrients.', 'It is in the phase of becoming bigger so it needs a lot of food.', 'It has a circular stomach so it needs less food.', 'It has a circular stomach so it does not need a lot of food.', 'It only needs a little bit of food due to stomach size.', 'It has a rectangular stomach so it only needs a small amout of food.', 'It has a circular stomach and is small so it does not need a lot of food.', 'It has a rectangular stomach so it needs a sufficient but small amount of food.', 'It has a circular stomach so it can only hold so much food.', 'It has a circular stomach so the stomach does not hold food well.', 'This sperk has a rectangular stomach so it can eat a moderate amount of food.', 'This sperk has a circular stomach so it can eat a moderate amount of food.', 'It has a rectangular stomach so it can eat a moderate supply of food.', 'It wants to get bigger and is growing so it needs extra food.', 'It needs a lot of food because it is growing and needs nutrients.', 'It has a big stomach so it does not need a lot of food.', 'It has a big stomach so it does not need a large amount of food.', 'It needs a lot of food to get the nutrients for its stomach size.', 'It only needs a little bit of food due to stomach size. It looks like it is swelling.', 'It is growing so it needs extra food.', 'It is in the process of growing so it needs a lot of food.', 'It needs nutrients to help its stomach from swelling.', 'It has a rectangular stomach so it can hold more food.', ""It has a circular stomach so it can't hold as much food.""]",['The task was somewhat difficult. It was kind of hard to know what to write in the boxes.'],"[9.0, 7.0, 5.0, 5.0, 5.0, 4.0, 4.0, 4.0, 5.0, 3.0, 5.0, 5.0, 5.0, 6.0, 8.0, 5.0, 5.0, 7.0, 3.0, 6.0, 9.0, 5.0, 9.0, 6.0, 9.0]",438.6395,"['T_B_S', 'T_Y_C', 'T_B_C', 'T_Y_S', 'N_Y_S', 'N_B_C', 'N_B_S', 'N_Y_C']","[8.0, 5.0, 4.0, 8.0, 5.0, 4.0, 8.0, 5.0]","['high', 'high', 'medium', 'medium', 'low', 'medium', 'low', 'medium', 'low', 'low', 'medium', 'medium', 'medium', 'high', 'high', 'medium', 'medium', 'medium', 'low', 'medium', 'high', 'low', 'high', 'medium', 'high']","['T', 'T', 'T', 'T', 'N', 'N', 'N', 'N', 'N', 'N', 'N', 'T', 'N', 'T', 'T', 'T', 'T', 'N', 'N', 'N', 'T', 'N', 'T', 'T', 'T']","['S', 'S', 'C', 'C', 'C', 'S', 'C', 'S', 'C', 'C', 'S', 'C', 'S', 'S', 'S', 'C', 'C', 'S', 'C', 'S', 'S', 'C', 'S', 'C', 'S']","['B', 'Y', 'Y', 'B', 'B', 'B', 'Y', 'Y', 'B', 'Y', 'B', 'Y', 'Y', 'Y', 'B', 'B', 'Y', 'B', 'Y', 'Y', 'Y', 'B', 'B', 'B', 'B']","['high', 'medium', 'medium', 'high', 'medium', 'low', 'medium', 'low']",3,"['T_B_S', 'T_Y_S', 'T_Y_C', 'T_B_C', 'N_B_C', 'N_B_S', 'N_Y_C', 'N_Y_S', 'N_B_C', 'N_Y_C', 'N_B_S', 'T_Y_C', 'N_Y_S', 'T_Y_S', 'T_B_S', 'T_B_C', 'T_Y_C', 'N_B_S', 'N_Y_C', 'N_Y_S', 'T_Y_S', 'N_B_C', 'T_B_S', 'T_B_C', 'T_B_S']",1,Yes,Yes,No,Square,Blue,,5.0,5.0,
022,"['Not very hungry today', 'Making up for yesterday -yum', 'Back to normal', 'Blue is hungry for 5 today', 'Hungrier than yesterday', 'Yellow is dieting', 'WOW!\xa0 Mr. Blue is really hungry today!!!', 'Taking it easy today', 'And again today not hungry', 'yellow chooses 5 today', 'on another diet\xa0', 'No more food????', 'Yellow needs nourishment', 'Blue needs nourishment also', 'Yellow needs only 2 today', 'Or three.....', 'Blue = 9 today - the most ever!', 'Five for me today', 'Or maybe 6', 'Six is a good number today', 'Blue is not hungry today', 'Well, maybe I am\xa0', 'Only 4 today?', 'Making up for yesterday']","[""Nothing was confusing - just difficult to distinguish between the characteristics of the animals and remembering which one was greedy and which one wasn't.\xa0 Was fun though!""]","[1.0, 7.0, 7.0, 5.0, 6.0, 3.0, 8.0, 3.0, 3.0, 5.0, 4.0, 1.0, 6.0, 7.0, 2.0, 3.0, 10.0, 5.0, 6.0, 6.0, 2.0, 3.0, 4.0, 5.0, 1.0]",400.5242,"['N_B_C', 'T_Y_S', 'T_B_C', 'T_B_S', 'N_Y_C', 'N_B_S', 'N_Y_S', 'T_Y_C']","[4.0, 8.0, 2.0, 6.0, 4.0, 8.0, 3.0, 8.0]","['low', 'medium', 'high', 'low', 'medium', 'medium', 'high', 'medium', 'medium', 'medium', 'high', 'low', 'high', 'medium', 'low', 'medium', 'high', 'medium', 'medium', 'high', 'low', 'medium', 'low', 'medium', 'low']","['N', 'N', 'T', 'N', 'T', 'T', 'T', 'N', 'N', 'N', 'T', 'N', 'T', 'T', 'N', 'T', 'T', 'N', 'T', 'T', 'N', 'T', 'N', 'N', 'N']","['C', 'S', 'S', 'C', 'C', 'C', 'S', 'S', 'S', 'S', 'S', 'C', 'S', 'C', 'C', 'C', 'S', 'S', 'C', 'S', 'C', 'C', 'C', 'S', 'C']","['Y', 'Y', 'Y', 'B', 'B', 'Y', 'B', 'B', 'B', 'Y', 'B', 'B', 'Y', 'B', 'Y', 'Y', 'B', 'Y', 'Y', 'Y', 'B', 'B', 'Y', 'B', 'Y']","['low', 'high', 'medium', 'high', 'low', 'medium', 'medium', 'medium']",22,"['N_Y_C', 'N_Y_S', 'T_Y_S', 'N_B_C', 'T_B_C', 'T_Y_C', 'T_B_S', 'N_B_S', 'N_B_S', 'N_Y_S', 'T_B_S', 'N_B_C', 'T_Y_S', 'T_B_C', 'N_Y_C', 'T_Y_C', 'T_B_S', 'N_Y_S', 'T_Y_C', 'T_Y_S', 'N_B_C', 'T_B_C', 'N_Y_C', 'N_B_S', 'N_Y_C']",0,Yes,Yes,No,Circular,Yellow,,4.0,5.0,
010,"['It was its only meal of the day', ""It didn't get all day"", ""It didn't eat all day"", 'It skipped finner last night', 'It was dinner time', 'It was dinner time', 'it ate too much for lunch', 'it ate too much for lunch', ""it didn't eat all day"", ""it didn't eat all day"", 'it was lunch time', ""it wasn't that hungry"", ""it wasn't that hungry"", ""it didn't eat earlier in the day"", 'it was dinner time', 'it was lunch time', 'it was dinner time', 'it was dinner time', 'it was lunch time', 'it was dinner time', 'it was dinner time', 'it was dinner time', 'it was lunch time', 'it was dinner time']",['It was a fun task'],"[5.0, 8.0, 6.0, 9.0, 6.0, 7.0, 2.0, 3.0, 10.0, 6.0, 3.0, 1.0, 1.0, 8.0, 3.0, 6.0, 4.0, 7.0, 7.0, 6.0, 7.0, 9.0, 1.0, 6.0, 5.0]",323.0032,"['T_Y_S', 'N_Y_S', 'N_Y_C', 'T_B_C', 'T_Y_C', 'N_B_S', 'T_B_S', 'N_B_C']","[8.0, 7.0, 2.0, 3.0, 3.0, 6.0, 6.0, 3.0]","['medium', 'medium', 'medium', 'high', 'high', 'medium', 'low', 'low', 'high', 'medium', 'medium', 'low', 'low', 'high', 'medium', 'medium', 'medium', 'low', 'medium', 'medium', 'high', 'high', 'low', 'medium', 'medium']","['T', 'N', 'T', 'T', 'T', 'N', 'N', 'N', 'T', 'N', 'T', 'N', 'N', 'T', 'T', 'N', 'N', 'N', 'T', 'T', 'T', 'T', 'N', 'N', 'T']","['C', 'S', 'C', 'S', 'S', 'S', 'C', 'C', 'S', 'S', 'C', 'C', 'C', 'S', 'C', 'S', 'S', 'C', 'C', 'C', 'S', 'S', 'C', 'S', 'C']","['B', 'Y', 'Y', 'Y', 'B', 'B', 'Y', 'B', 'B', 'Y', 'Y', 'Y', 'B', 'Y', 'B', 'B', 'Y', 'Y', 'Y', 'B', 'B', 'Y', 'B', 'B', 'B']","['high', 'medium', 'low', 'medium', 'medium', 'medium', 'high', 'low']",10,"['T_B_C', 'N_Y_S', 'T_Y_C', 'T_Y_S', 'T_B_S', 'N_B_S', 'N_Y_C', 'N_B_C', 'T_B_S', 'N_Y_S', 'T_Y_C', 'N_Y_C', 'N_B_C', 'T_Y_S', 'T_B_C', 'N_B_S', 'N_Y_S', 'N_Y_C', 'T_Y_C', 'T_B_C', 'T_B_S', 'T_Y_S', 'N_B_C', 'N_B_S', 'T_B_C']",1,Yes,Yes,Yes,Square,Blue,Having no tail,7.0,3.0,2.0
013,"['It is in the process of growing and has a big appetite', 'It is able to get more energy from food than some other sub species', 'Blue ones seem to eat about this much so far', 'Yellow ones may need less food/energy at a time to thrive as opposed to other variants\xa0', 'Blue sperks regardless of shape tend to eat larger meals', 'It might be a slightly older one than previous blue ones shown and therefore need less to grow', 'This yellow sperk might be a baby or otherwise very young and with a larger appetite', 'This sperk is experiencing less active growth and using less fuel\xa0', 'This one is at a stage of growth in which it needs only a moderate amount of food', 'This sperk could potentially be on the younger side and eating more to replace energy', 'This is an older blue sperk who uses less energy day to day\xa0', 'Yellow sperks with tails maybe a sub species which naturally eats a bit less than others', 'This sperk is growing and is using up a lot of energy which needs to be replaced', 'This is an especially old sperk with a much smaller appetite', 'This one may be especially young, possibly a baby, and need to keep up with feeding on a schedule', 'This sperk only needs a moderate amount of food to maintain their daily activity', 'Blue sperks without tails might be more likely to use less energy and possibly the lack of tail reflects similar age', 'This sperk has a relatively longer body type and may need more food due to larger size\xa0', 'This sperk is likely to be younger and more prone to spending a lot of energy running around', 'This sperk might be younger and more active than some others, possibly shown by it having a tail as well', 'This sperk is an adolescent and transitioning from a high appetite to a more moderate one', 'This sperk is grown already and does not spend as much energy through the day\xa0', 'This sperk has a tail and is likely to still be very young and growing', 'This sperk is fully grown and maybe even elderly']",[],"[6.0, 2.0, 6.0, 3.0, 6.0, 5.0, 6.0, 4.0, 4.0, 6.0, 3.0, 3.0, 5.0, 2.0, 9.0, 4.0, 3.0, 5.0, 8.0, 7.0, 5.0, 4.0, 6.0, 3.0, 6.0]",990.028,"['T_B_C', 'N_B_C', 'N_Y_S', 'T_Y_C', 'N_B_S', 'T_B_S', 'N_Y_C', 'T_Y_S']","[7.0, 3.0, 3.0, 7.0, 5.0, 6.0, 5.0, 5.0]","['low', 'medium', 'high', 'high', 'medium', 'medium', 'medium', 'low', 'medium', 'medium', 'low', 'high', 'medium', 'low', 'high', 'medium', 'medium', 'medium', 'high', 'high', 'medium', 'low', 'medium', 'low', 'low']","['N', 'T', 'T', 'T', 'T', 'N', 'N', 'N', 'T', 'N', 'N', 'T', 'T', 'N', 'T', 'N', 'N', 'N', 'T', 'T', 'T', 'N', 'T', 'N', 'N']","['C', 'C', 'S', 'S', 'C', 'S', 'S', 'C', 'C', 'S', 'C', 'S', 'C', 'C', 'S', 'S', 'S', 'S', 'S', 'S', 'C', 'C', 'C', 'C', 'C']","['B', 'Y', 'B', 'Y', 'B', 'B', 'Y', 'Y', 'Y', 'Y', 'B', 'Y', 'B', 'Y', 'B', 'B', 'B', 'Y', 'B', 'Y', 'B', 'Y', 'Y', 'B', 'B']","['medium', 'low', 'medium', 'medium', 'medium', 'high', 'low', 'high']",13,"['N_B_C', 'T_Y_C', 'T_B_S', 'T_Y_S', 'T_B_C', 'N_B_S', 'N_Y_S', 'N_Y_C', 'T_Y_C', 'N_Y_S', 'N_B_C', 'T_Y_S', 'T_B_C', 'N_Y_C', 'T_B_S', 'N_B_S', 'N_B_S', 'N_Y_S', 'T_B_S', 'T_Y_S', 'T_B_C', 'N_Y_C', 'T_Y_C', 'N_B_C', 'N_B_C']",1,No,No,Yes,,,Having a tail,,,6.0
006,"['Because it was hungry', ""That's what he wanted"", 'For sustenance', 'Because', 'Circular', 'Tailed', 'Tailed', 'Tailed and circular', 'Blue', 'Tailed', 'Circular', 'Tailed', 'Not tailed', 'Because', 'Tailed', 'Tailed & circular', 'Tailed and blue', 'Tailed and blue', 'Tailed and yellow', 'Tailed and yellow', 'Not tailed', 'Not tailed & square', 'Not tailed & square', 'Not tailed and circular']",['I thought this was challenging and interesting'],"[6.0, 4.0, 1.0, 6.0, 2.0, 7.0, 5.0, 3.0, 3.0, 5.0, 4.0, 9.0, 4.0, 5.0, 8.0, 4.0, 7.0, 7.0, 5.0, 5.0, 4.0, 6.0, 8.0, 4.0, 6.0]",189.4255,"['N_Y_S', 'T_Y_C', 'T_B_S', 'T_B_C', 'N_B_S', 'N_B_C', 'N_Y_C', 'T_Y_S']","[3.0, 5.0, 7.0, 9.0, 7.0, 6.0, 4.0, 4.0]","['medium', 'low', 'medium', 'high', 'low', 'medium', 'high', 'medium', 'medium', 'medium', 'low', 'high', 'low', 'medium', 'high', 'medium', 'medium', 'high', 'high', 'medium', 'low', 'medium', 'medium', 'low', 'medium']","['N', 'N', 'N', 'T', 'N', 'T', 'T', 'T', 'N', 'T', 'N', 'T', 'N', 'N', 'T', 'T', 'T', 'T', 'T', 'T', 'N', 'N', 'N', 'N', 'N']","['S', 'C', 'S', 'S', 'C', 'C', 'S', 'C', 'S', 'C', 'C', 'S', 'C', 'S', 'S', 'C', 'C', 'S', 'S', 'C', 'C', 'S', 'S', 'C', 'S']","['B', 'B', 'Y', 'Y', 'Y', 'B', 'B', 'Y', 'B', 'B', 'Y', 'Y', 'B', 'Y', 'B', 'Y', 'B', 'B', 'Y', 'Y', 'Y', 'Y', 'B', 'B', 'B']","['medium', 'medium', 'high', 'medium', 'medium', 'low', 'low', 'high']",6,"['N_B_S', 'N_B_C', 'N_Y_S', 'T_Y_S', 'N_Y_C', 'T_B_C', 'T_B_S', 'T_Y_C', 'N_B_S', 'T_B_C', 'N_Y_C', 'T_Y_S', 'N_B_C', 'N_Y_S', 'T_B_S', 'T_Y_C', 'T_B_C', 'T_B_S', 'T_Y_S', 'T_Y_C', 'N_Y_C', 'N_Y_S', 'N_B_S', 'N_B_C', 'N_B_S']",1,Yes,No,Yes,,,,3.0,,6.0
014,"['A blue rectangular sperk will eat 5 peppers', 'A blue sperk will eat 5 peppers', 'A yellow sperk will eat 6 peppers', 'Some blue rectangular sperks will eat 9 peppers', 'An oval shaped sperk with nontail will eat 4bpeppers', 'A yellow rectangular sperk with no tail will eat 3 peppers', 'A yellow oval sperk will eat 5 peppers', 'A bluevoval sperk with no tail will only eat 2 peppers\xa0', 'Avyellow soerk with a tail will eat 5 peppers', 'A yellow sperk with a tail can eat 5 peppers\xa0', 'A blue sperk with no tail can eat 5 peppers\xa0', 'A blue sperk with a tail can eat 8 peppers', 'A yellow sperk will only eat 5 peppers', 'A blue sperk with a tail can eat 5 peppers', 'A yellow sperk with no tsil can only eat 4 peppers', 'A sperk with no tail can only eat 4 peppers\xa0', 'A small blue sperk with a tail can only eat 2 peppers\xa0', 'A large blue rectangular sperk wikl eat 7', 'A large yellow rectangular sperk with a tail only eats\xa0 4 peppers\xa0', 'A yellow sperk with a tail only will eat 4 peppers', 'A small yellow tailless sperk only eat 1 pepper', 'A largevyellow sperk will eatv6 peppers\xa0', 'Tailless sperks are young so eat less']",[],"[4.0, 5.0, 5.0, 6.0, 9.0, 4.0, 3.0, 5.0, 2.0, 5.0, 5.0, 5.0, 8.0, 5.0, 6.0, 4.0, 4.0, 2.0, 7.0, 4.0, 4.0, 1.0, 6.0, 2.0, 4.0]",1390.7015,"['T_Y_S', 'N_Y_C', 'N_B_S', 'T_B_C', 'N_Y_S', 'N_B_C', 'T_Y_C', 'T_B_S']","[8.0, 2.0, 2.0, 6.0, 4.0, 6.0, 7.0, 8.0]","['low', 'medium', 'medium', 'high', 'high', 'low', 'medium', 'medium', 'low', 'medium', 'high', 'medium', 'high', 'medium', 'medium', 'low', 'medium', 'medium', 'high', 'high', 'medium', 'low', 'medium', 'low', 'low']","['N', 'N', 'T', 'T', 'T', 'N', 'N', 'T', 'N', 'T', 'T', 'N', 'T', 'N', 'T', 'N', 'N', 'T', 'T', 'T', 'T', 'N', 'N', 'N', 'N']","['C', 'S', 'C', 'S', 'S', 'C', 'S', 'C', 'C', 'C', 'S', 'S', 'S', 'S', 'C', 'C', 'S', 'C', 'S', 'S', 'C', 'C', 'S', 'C', 'C']","['Y', 'B', 'B', 'Y', 'B', 'B', 'Y', 'Y', 'B', 'Y', 'Y', 'B', 'B', 'Y', 'B', 'Y', 'B', 'B', 'B', 'Y', 'Y', 'Y', 'Y', 'B', 'Y']","['high', 'low', 'medium', 'medium', 'medium', 'low', 'medium', 'high']",14,"['N_Y_C', 'N_B_S', 'T_B_C', 'T_Y_S', 'T_B_S', 'N_B_C', 'N_Y_S', 'T_Y_C', 'N_B_C', 'T_Y_C', 'T_Y_S', 'N_B_S', 'T_B_S', 'N_Y_S', 'T_B_C', 'N_Y_C', 'N_B_S', 'T_B_C', 'T_B_S', 'T_Y_S', 'T_Y_C', 'N_Y_C', 'N_Y_S', 'N_B_C', 'N_Y_C']",1,Yes,Yes,Yes,Square,Blue,Having a tail,5.0,5.0,
016,"['body shape', 'body shape and tail', 'color and no tail', 'body shape', 'color', 'no tail', 'color, body shape, tail', 'body shape', 'body shape, no tail', 'body shape, no tail', 'color', 'color and tail', 'body shape and color', 'body shape, color, and tail', 'body shape, color, tail', 'body shape, color, no tail', 'yellow and has a tail', 'yellow, circle, no tail', 'its yellow and is rectangular', 'I am not sure.', 'it is yellow, rectangular, and has a tail.', 'its needs are less because its blue and circular without a tail', 'it has a tail so needs more food', 'its rectangular and has a tail so needs more food?']","['Interesting experiment, it would be nice to know the ""answer"".']","[6.0, 5.0, 5.0, 3.0, 4.0, 5.0, 7.0, 2.0, 4.0, 4.0, 4.0, 5.0, 4.0, 8.0, 10.0, 3.0, 6.0, 4.0, 6.0, 6.0, 8.0, 3.0, 6.0, 8.0, 6.0]",304.0345,"['T_B_S', 'T_Y_C', 'N_B_C', 'N_Y_S', 'N_Y_C', 'T_B_C', 'N_B_S', 'T_Y_S']","[7.0, 6.0, 4.0, 7.0, 6.0, 7.0, 6.0, 8.0]","['medium', 'high', 'medium', 'medium', 'medium', 'low', 'high', 'low', 'medium', 'low', 'medium', 'medium', 'medium', 'high', 'high', 'low', 'medium', 'low', 'medium', 'medium', 'high', 'low', 'medium', 'high', 'medium']","['N', 'T', 'N', 'T', 'T', 'N', 'T', 'N', 'N', 'N', 'N', 'T', 'T', 'T', 'T', 'N', 'T', 'N', 'N', 'N', 'T', 'N', 'T', 'T', 'N']","['S', 'S', 'S', 'C', 'C', 'C', 'S', 'C', 'S', 'C', 'S', 'C', 'C', 'S', 'S', 'C', 'C', 'C', 'S', 'S', 'S', 'C', 'C', 'S', 'S']","['Y', 'Y', 'B', 'Y', 'B', 'Y', 'B', 'B', 'B', 'Y', 'Y', 'Y', 'B', 'B', 'Y', 'B', 'Y', 'Y', 'Y', 'B', 'Y', 'B', 'B', 'B', 'Y']","['high', 'medium', 'low', 'medium', 'low', 'medium', 'medium', 'high']",16,"['N_Y_S', 'T_Y_S', 'N_B_S', 'T_Y_C', 'T_B_C', 'N_Y_C', 'T_B_S', 'N_B_C', 'N_B_S', 'N_Y_C', 'N_Y_S', 'T_Y_C', 'T_B_C', 'T_B_S', 'T_Y_S', 'N_B_C', 'T_Y_C', 'N_Y_C', 'N_Y_S', 'N_B_S', 'T_Y_S', 'N_B_C', 'T_B_C', 'T_B_S', 'N_Y_S']",1,Yes,Yes,Yes,Square,Yellow,Having a tail,4.0,2.0,6.0
015,"[""His eyes are red and he's big."", 'He is round and yellow', 'He is round and blue', ""He's blue and square.\xa0"", ""He's square with a tail"", 'round no tail', 'round no tail', 'square no tail and yellow', 'yellow, square, no tail', 'blue, round, tail', 'round no tail', 'round, no tail, yellow', 'blue, square, tail', 'yellow square tail', 'blue square no tail', 'yellow round tail', 'yellow, square, no tail', 'blue, square, tail', 'yellow, round, tail', 'yellow, round, no tail', 'blue, round, tail', 'yellow, square, tail, off day', 'blue, round, no tail, off day', 'blue, square, no tail']","[""Taking notes would've helped, but I didn't think I could.\xa0""]","[4.0, 3.0, 4.0, 7.0, 8.0, 1.0, 3.0, 4.0, 5.0, 6.0, 3.0, 2.0, 8.0, 4.0, 6.0, 5.0, 4.0, 8.0, 5.0, 4.0, 6.0, 4.0, 3.0, 4.0, 4.0]",530.2262,"['N_Y_C', 'N_Y_S', 'N_B_S', 'T_Y_S', 'T_B_C', 'N_B_C', 'T_Y_C', 'T_B_S']","[3.0, 4.0, 6.0, 6.0, 6.0, 4.0, 4.0, 8.0]","['medium', 'medium', 'medium', 'high', 'high', 'low', 'low', 'medium', 'medium', 'medium', 'low', 'low', 'high', 'high', 'medium', 'medium', 'medium', 'high', 'medium', 'low', 'medium', 'high', 'low', 'medium', 'medium']","['N', 'T', 'T', 'T', 'T', 'N', 'N', 'N', 'N', 'T', 'N', 'N', 'T', 'T', 'N', 'T', 'N', 'T', 'T', 'N', 'T', 'T', 'N', 'N', 'N']","['S', 'C', 'C', 'S', 'S', 'C', 'C', 'S', 'S', 'C', 'C', 'C', 'S', 'S', 'S', 'C', 'S', 'S', 'C', 'C', 'C', 'S', 'C', 'S', 'S']","['B', 'Y', 'B', 'B', 'Y', 'Y', 'B', 'Y', 'Y', 'B', 'B', 'Y', 'B', 'Y', 'B', 'Y', 'Y', 'B', 'Y', 'Y', 'B', 'Y', 'B', 'B', 'B']","['low', 'medium', 'medium', 'high', 'medium', 'low', 'medium', 'high']",15,"['N_B_S', 'T_Y_C', 'T_B_C', 'T_B_S', 'T_Y_S', 'N_Y_C', 'N_B_C', 'N_Y_S', 'N_Y_S', 'T_B_C', 'N_B_C', 'N_Y_C', 'T_B_S', 'T_Y_S', 'N_B_S', 'T_Y_C', 'N_Y_S', 'T_B_S', 'T_Y_C', 'N_Y_C', 'T_B_C', 'T_Y_S', 'N_B_C', 'N_B_S', 'N_B_S']",1,Yes,Yes,Yes,Square,Blue,Having a tail,3.0,2.0,2.0
017,"['The food was too spicy and it didnt like it\xa0', 'it was not as hungry from eating more yesterday\xa0', 'the sperk was very hungry from not easting as much and it did alot of activity today\xa0', '5 was just the right amount of food for the sperk today. it was full', 'the sperk was not feeling good and thats all it could really eat\xa0', 'the sperk was hungry from a lot of running around and playing\xa0\xa0', 'thats how much it usually eats a day\xa0', 'the sperks with round bellys dont eat as much as the ones with rectangular bellies', 'the round belly was full as thats what they ussually eat on a day\xa0', '4 is what it normally eat in a given day it was full', 'sperks with tails usually eat a little bit more than ones without tails. so thats it usual amount\xa0', 'rectangular sperks eat a lot more that the other sperks with round bellies. again it was full with 6\xa0', 'rectangular sperk with a tail eats more than most sperks.\xa0', 'blue sperks usually eat 4 food a day on average it seems\xa0', 'its a blue sperk so it just at 4 food and was full. belly and tails dont seem to matter much with them\xa0', 'maybe i was wrong about blue but its a rectangular and has a tail and they seem to eat more.\xa0', 'round belly without a tail eats less', 'tail and rectangular body plus maybe the blue sperks eat less than the yellow\xa0', 'the yellow sperks seem to be eating a little more that the blue ones and with a tail they eat even more', 'seems about right yellow without\xa0 a tail seems about the right amount of food', 'rectangular with a tail this seems to be what they eat is around 6 a day\xa0', 'blue eats about 4 and then add on the tail so maybe thats why they are eating 6 today\xa0', 'rectangular almost always eats more than round belly so thats why its eating 5 and its blue without a tail.\xa0', 'seems low for a rectangulat sperk to me. its yellow they seem to eat more. i dont know why it ate less today unless its the no tail\xa0']",[],"[4.0, 3.0, 7.0, 5.0, 1.0, 8.0, 4.0, 3.0, 4.0, 4.0, 5.0, 6.0, 7.0, 4.0, 4.0, 8.0, 2.0, 6.0, 6.0, 4.0, 6.0, 6.0, 5.0, 3.0, 4.0]",752.3458,"['N_B_C', 'T_Y_C', 'N_Y_S', 'T_Y_S', 'T_B_C', 'N_Y_C', 'T_B_S', 'N_B_S']","[4.0, 5.0, 6.0, 8.0, 5.0, 4.0, 6.0, 4.0]","['medium', 'low', 'high', 'medium', 'medium', 'high', 'medium', 'low', 'low', 'low', 'medium', 'medium', 'high', 'medium', 'medium', 'high', 'low', 'high', 'medium', 'low', 'high', 'medium', 'medium', 'medium', 'medium']","['N', 'N', 'T', 'T', 'N', 'T', 'T', 'N', 'N', 'N', 'T', 'N', 'T', 'N', 'T', 'T', 'N', 'T', 'T', 'N', 'T', 'T', 'N', 'N', 'N']","['S', 'C', 'S', 'C', 'S', 'S', 'C', 'C', 'C', 'C', 'C', 'S', 'S', 'S', 'C', 'S', 'C', 'S', 'C', 'C', 'S', 'C', 'S', 'S', 'S']","['B', 'B', 'B', 'Y', 'Y', 'Y', 'B', 'Y', 'B', 'Y', 'Y', 'Y', 'Y', 'B', 'B', 'B', 'B', 'B', 'Y', 'Y', 'Y', 'B', 'B', 'Y', 'B']","['low', 'medium', 'medium', 'high', 'medium', 'low', 'high', 'medium']",17,"['N_B_S', 'N_B_C', 'T_B_S', 'T_Y_C', 'N_Y_S', 'T_Y_S', 'T_B_C', 'N_Y_C', 'N_B_C', 'N_Y_C', 'T_Y_C', 'N_Y_S', 'T_Y_S', 'N_B_S', 'T_B_C', 'T_B_S', 'N_B_C', 'T_B_S', 'T_Y_C', 'N_Y_C', 'T_Y_S', 'T_B_C', 'N_B_S', 'N_Y_S', 'N_B_S']",0,Yes,Yes,Yes,Square,Yellow,Having a tail,6.0,2.0,5.0
012,"['That was all it was given', 'Because it was hungrier', 'Because it is yellow', ""It wasn't as hungry\xa0"", 'Because it is yellow with a square and round features', 'Because it is blue circles only', 'Because it is blue and is square and round', 'Because it is yellow and both round body parts', 'Because it is yellow and square and round body parts and thats all it eats', 'Blue round body parts', 'Yellow round body parts', 'Blue square and round body', 'Blue square and round body ate more', 'Yellow square and round body part ate more', 'Yellow circles ate less', 'Blue circles ate less', 'Blue square and circle ate less', 'Yellow square and yellow circle ate alot less', 'Yellow square and circle ate more', 'Two circles eat less', 'blue square and circle ate a lot more', 'Blue circles was really hungry', 'Yellow circles got a lot less', 'Because the square circle sperk ate a lot']",[],"[2.0, 4.0, 5.0, 4.0, 7.0, 6.0, 2.0, 7.0, 6.0, 6.0, 6.0, 7.0, 8.0, 9.0, 5.0, 4.0, 6.0, 3.0, 6.0, 4.0, 9.0, 8.0, 1.0, 3.0, 2.0]",751.4138,"['T_B_S', 'N_B_S', 'N_B_C', 'N_Y_S', 'N_Y_C', 'T_B_C', 'T_Y_C', 'T_Y_S']","[7.0, 8.0, 3.0, 3.0, 4.0, 6.0, 7.0, 8.0]","['low', 'high', 'medium', 'low', 'high', 'medium', 'medium', 'medium', 'medium', 'medium', 'medium', 'high', 'medium', 'high', 'low', 'low', 'medium', 'medium', 'high', 'medium', 'high', 'medium', 'low', 'low', 'low']","['N', 'T', 'N', 'N', 'T', 'T', 'N', 'T', 'N', 'T', 'T', 'T', 'N', 'T', 'N', 'N', 'N', 'N', 'T', 'T', 'T', 'T', 'N', 'N', 'N']","['C', 'S', 'S', 'C', 'S', 'C', 'S', 'C', 'S', 'C', 'C', 'S', 'S', 'S', 'C', 'C', 'S', 'S', 'S', 'C', 'S', 'C', 'C', 'C', 'C']","['B', 'B', 'Y', 'Y', 'Y', 'B', 'B', 'Y', 'Y', 'B', 'Y', 'B', 'B', 'Y', 'Y', 'B', 'B', 'Y', 'Y', 'Y', 'B', 'B', 'Y', 'B', 'B']","['high', 'medium', 'low', 'medium', 'low', 'medium', 'medium', 'high']",12,"['N_B_C', 'T_B_S', 'N_Y_S', 'N_Y_C', 'T_Y_S', 'T_B_C', 'N_B_S', 'T_Y_C', 'N_Y_S', 'T_B_C', 'T_Y_C', 'T_B_S', 'N_B_S', 'T_Y_S', 'N_Y_C', 'N_B_C', 'N_B_S', 'N_Y_S', 'T_Y_S', 'T_Y_C', 'T_B_S', 'T_B_C', 'N_Y_C', 'N_B_C', 'N_B_C']",1,Yes,No,Yes,,,,5.0,,6.0
011,"['It needs this much to maintain weight and performance\xa0', 'It needs this much to maintain weight and performance\xa0', '3. It is efficient in energy expenditure\xa0', 'It is needed to maintain and survive', 'It spends a lot of energy\xa0', 'It uses a lot of energy and has high metabolism\xa0', 'It is very efficient in energy expenditure\xa0', 'Very active', 'Maintains', 'Slightly higher energy expenditure\xa0', 'Metabolism too high', 'Efficient energy expenditure\xa0', 'Slightly higher requirements\xa0', 'Maintains', 'Efficient energy expenditure\xa0', 'Metabolism too high', 'Maintains', 'Maintains energy', 'Slightly higher requirements\xa0', 'Efficient\xa0', 'Efficient energy expenditure\xa0', 'Slightly higher requirements\xa0', 'Efficient energy\xa0', 'Slightly higher requirements\xa0']",['It was difficult to see patterns'],"[6.0, 7.0, 3.0, 4.0, 6.0, 6.0, 2.0, 8.0, 3.0, 4.0, 9.0, 2.0, 6.0, 4.0, 3.0, 10.0, 5.0, 5.0, 5.0, 3.0, 2.0, 6.0, 2.0, 6.0, 6.0]",523.4764,"['N_B_C', 'N_Y_S', 'T_B_S', 'T_B_C', 'N_Y_C', 'T_Y_C', 'N_B_S', 'T_Y_S']","[5.0, 7.0, 8.0, 5.0, 5.0, 3.0, 10.0, 5.0]","['medium', 'high', 'low', 'medium', 'medium', 'medium', 'low', 'high', 'medium', 'medium', 'high', 'low', 'medium', 'low', 'medium', 'high', 'medium', 'medium', 'medium', 'low', 'high', 'medium', 'low', 'high', 'medium']","['T', 'T', 'N', 'N', 'T', 'N', 'N', 'T', 'N', 'N', 'T', 'N', 'T', 'N', 'T', 'T', 'T', 'N', 'N', 'N', 'T', 'T', 'N', 'T', 'T']","['C', 'S', 'C', 'S', 'C', 'S', 'C', 'S', 'S', 'S', 'S', 'C', 'C', 'C', 'C', 'S', 'C', 'S', 'S', 'C', 'S', 'C', 'C', 'S', 'C']","['B', 'B', 'Y', 'Y', 'Y', 'B', 'B', 'Y', 'B', 'Y', 'Y', 'B', 'B', 'Y', 'Y', 'B', 'Y', 'B', 'Y', 'B', 'Y', 'B', 'Y', 'B', 'B']","['low', 'medium', 'high', 'medium', 'low', 'medium', 'medium', 'high']",11,"['T_B_C', 'T_B_S', 'N_Y_C', 'N_Y_S', 'T_Y_C', 'N_B_S', 'N_B_C', 'T_Y_S', 'N_B_S', 'N_Y_S', 'T_Y_S', 'N_B_C', 'T_B_C', 'N_Y_C', 'T_Y_C', 'T_B_S', 'T_Y_C', 'N_B_S', 'N_Y_S', 'N_B_C', 'T_Y_S', 'T_B_C', 'N_Y_C', 'T_B_S', 'T_B_C']",1,Yes,No,Yes,,,,4.0,,4.0
