StartDate,EndDate,Status,IPAddress,Progress,Duration (in seconds),Finished,RecordedDate,ResponseId,RecipientLastName,RecipientFirstName,RecipientEmail,ExternalReference,LocationLatitude,LocationLongitude,DistributionChannel,UserLanguage,Q_RecaptchaScore,Q4,Q8,pspot_1,rspot_1,fspot,fspotnone,pdirection_1,rdirection_1,fdirection,fdirectionnone,pcolor_1,rcolor_1,fcolor,fcolornone,pclaw_1,rclaw_1,fclaw,fclawnone,ptail_1,rtail_1,ftail,ftailnone,pthick_1,rthick_1,fthick,fthicknone,Q_RecaptchaStatus,Q_RecaptchaError,PROLIFIC_PID
Start Date,End Date,Response Type,IP Address,Progress,Duration (in seconds),Finished,Recorded Date,Response ID,Recipient Last Name,Recipient First Name,Recipient Email,External Data Reference,Location Latitude,Location Longitude,Distribution Channel,User Language,Q_RecaptchaScore,Do you consent?,"What is your Prolific ID? (This should be autofilled from prolific, if not, please enter it below)",Do you think it’s plausible that how much food a reptile can acquire and eat would be affected by whether it has small or large spots? - Move Slider Below,"If there is a relationship between spots and how much food a reptile eats, which direction would that relationship go? - Move Slider Below To Which Would Eat More","Now we want you to spend a little time thinking about a potential explanation for WHY spot size might relate to the amount of food a reptile can acquire and eat. If you can come up with an explanation, write a brief explanation below in a few sentences or less. If upon reflection you cannot come up with a potential reason, please check the box below.",Check below if you can't come up with anything,Do you think it’s plausible that how much food a reptile can acquire and eat would be affected by whether it has vertical or horizontal stripes? - Move Slider Below,"If there is a relationship between stripe direction and how much food a reptile eats, which direction would that relationship go? - Move Slider Below","Now we want you to spend a little time thinking about a potential explanation for WHY stripe direction might relate to the amount of food a reptile can acquire and eat. If you can come up with an explanation, write a brief explanation below in a few sentences or less. If upon reflection you cannot come up with a potential reason, please check the box below.",Check below if you can't come up with anything,Do you think it’s plausible that how much food a reptile can acquire and eat would be affected by whether it is purple or blue? - Move Slider Below,"If there is a relationship between color and how much food a reptile eats, which direction would that relationship go? - Move Slider Below To Which Would Eat More","Now we want you to spend a little time thinking about a potential explanation for WHY color might relate to the amount of food a reptile can acquire and eat. If you can come up with an explanation, write a brief explanation below in a few sentences or less. If upon reflection you cannot come up with a potential reason, please check the box below.",Check below if you can't come up with anything,Do you think it’s plausible that how much food a reptile can acquire and eat would be affected by the shape of its feet? - Move Slider Below,"If there is a relationship between feet and how much food a reptile eats, which direction would that relationship go? - Move Slider Below To Which Would Eat More","Now we want you to spend a little time thinking about a potential explanation for WHY foot shape might relate to the amount of food a reptile can acquire and eat. If you can come up with an explanation, write a brief explanation below in a few sentences or less. If upon reflection you cannot come up with a potential reason, please check the box below.",Check below if you can't come up with anything,Do you think it’s plausible that how much food a reptile can acquire and eat would be affected by the sort of tail it has? - Move Slider Below,"If there is a relationship between sort of tail and how much food a reptile eats, which direction would that relationship go? - Move Slider Below To Which Would Eat More","Now we want you to spend a little time thinking about a potential explanation for WHY sort of tail might relate to the amount of food a reptile can acquire and eat. If you can come up with an explanation, write a brief explanation below in a few sentences or less. If upon reflection you cannot come up with a potential reason, please check the box below.",Check below if you can't come up with anything,Do you think it’s plausible that how much food a reptile can acquire and eat would be affected by the thickness of its stripes? - Move Slider Below,"If there is a relationship between stripe thickness and much food a reptile eats, which direction would that relationship go? - Move Slider Below To Which Would Eat More","Now we want you to spend a little time thinking about a potential explanation for WHY stripe thickness might relate to the amount of food a reptile can acquire and eat. If you can come up with an explanation, write a brief explanation below in a few sentences or less. If upon reflection you cannot come up with a potential reason, please check the box below.",Check below if you can't come up with anything,Q_RecaptchaStatus,Q_RecaptchaError,PROLIFIC_PID
"{""ImportId"":""startDate"",""timeZone"":""America/Denver""}","{""ImportId"":""endDate"",""timeZone"":""America/Denver""}","{""ImportId"":""status""}","{""ImportId"":""ipAddress""}","{""ImportId"":""progress""}","{""ImportId"":""duration""}","{""ImportId"":""finished""}","{""ImportId"":""recordedDate"",""timeZone"":""America/Denver""}","{""ImportId"":""_recordId""}","{""ImportId"":""recipientLastName""}","{""ImportId"":""recipientFirstName""}","{""ImportId"":""recipientEmail""}","{""ImportId"":""externalDataReference""}","{""ImportId"":""locationLatitude""}","{""ImportId"":""locationLongitude""}","{""ImportId"":""distributionChannel""}","{""ImportId"":""userLanguage""}","{""ImportId"":""Q_RecaptchaScore""}","{""ImportId"":""QID5""}","{""ImportId"":""QID9_TEXT""}","{""ImportId"":""QID14_1""}","{""ImportId"":""QID15_1""}","{""ImportId"":""QID16_TEXT""}","{""ImportId"":""QID30""}","{""ImportId"":""QID87_1""}","{""ImportId"":""QID88_1""}","{""ImportId"":""QID90_TEXT""}","{""ImportId"":""QID91""}","{""ImportId"":""QID94_1""}","{""ImportId"":""QID95_1""}","{""ImportId"":""QID97_TEXT""}","{""ImportId"":""QID98""}","{""ImportId"":""QID101_1""}","{""ImportId"":""QID102_1""}","{""ImportId"":""QID104_TEXT""}","{""ImportId"":""QID105""}","{""ImportId"":""QID108_1""}","{""ImportId"":""QID109_1""}","{""ImportId"":""QID111_TEXT""}","{""ImportId"":""QID112""}","{""ImportId"":""QID115_1""}","{""ImportId"":""QID116_1""}","{""ImportId"":""QID118_TEXT""}","{""ImportId"":""QID119""}","{""ImportId"":""Q_RecaptchaStatus""}","{""ImportId"":""Q_RecaptchaError""}","{""ImportId"":""PROLIFIC_PID""}"
2026-04-16 10:30:45,2026-04-16 10:34:31,IP Address,*******,100,225,True,2026-04-16 10:34:31,R_6CvvlkufGDHKFhK,*******,*******,*******,*******,*******,*******,anonymous,EN,1,"Yes, I consent",61531d653c3be36dda71b290,100,50,it could be a camoflauge issue,,100,50,I can see the stripe direction affecting the reptile's ability to blend in with its surroundings or it could affect how it's visually perceived by whatever it is that this reptile eats.,,100,50,"I could see color affecting how well the reptile can blend in with its surroundings. ",,55,50,,I can't think of any,71,50,,I can't think of any,100,50,possible camouflage issue,,complete,,61531d653c3be36dda71b290
2026-04-16 10:31:47,2026-04-16 10:35:36,IP Address,*******,100,229,True,2026-04-16 10:35:37,R_6FrIYxEGIYE9xbM,*******,*******,*******,*******,*******,*******,anonymous,EN,1,"Yes, I consent",61bb397040db417c1a138e4d,32,52,,I can't think of any,11,48,,I can't think of any,11,50,"If it is easier to camouflage it could hide and exert less energy in getting food, if eats other creatures ",,34,35,,I can't think of any,22,51,,I can't think of any,17,51,,I can't think of any,complete,,61bb397040db417c1a138e4d
2026-04-16 10:30:55,2026-04-16 10:35:41,IP Address,*******,100,285,True,2026-04-16 10:35:42,R_6uWU48lhIQqoxhf,*******,*******,*******,*******,*******,*******,anonymous,EN,1,"Yes, I consent",69caa70b6e56f1e62feb944c,50,50,"Depending on the environment, one or the other might have better camouflage.",,5,40,I think the horizontal stripes would be better for camouflage.,,20,75,"I think the blue lizard would be better able to camouflage in the water, so it would be easier for it to escape predators and catch pray.",,20,35,"The rounded feet might make it easier to swim fast, making it easier to catch food.",,1,50,"The curly tail is a bit longer,which might allow the tail to break off so it can escape from predators.",,10,37,"The thin stripes would make it easier to camouflage, so it would be able to catch more food.",,complete,,69caa70b6e56f1e62feb944c
2026-04-16 10:32:34,2026-04-16 10:35:48,IP Address,*******,100,193,True,2026-04-16 10:35:48,R_1DOLnnVvvacdJ56,*******,*******,*******,*******,*******,*******,anonymous,EN,1,"Yes, I consent",69d9265556946c99190ce3ef,3,49,,I can't think of any,30,50,"i honestly feel as if striping on the outside of a reptile wouldnt have anything to do sith how much food it can eat. ",I can't think of any,6,51,,I can't think of any,6,48,,I can't think of any,10,50,,I can't think of any,15,52,,I can't think of any,complete,,69d9265556946c99190ce3ef
2026-04-16 10:30:56,2026-04-16 10:35:51,IP Address,*******,100,295,True,2026-04-16 10:35:51,R_6HjmcOxczqskJmA,*******,*******,*******,*******,*******,*******,anonymous,EN,1,"Yes, I consent",666c8f4f6e483617ffb20ef4,4,50,,I can't think of any,4,51,,I can't think of any,5,50,,I can't think of any,5,49,,I can't think of any,5,50,,I can't think of any,5,50,,I can't think of any,complete,,666c8f4f6e483617ffb20ef4
2026-04-16 10:33:09,2026-04-16 10:36:04,IP Address,*******,100,174,True,2026-04-16 10:36:05,R_7N2qa2mduxUSS7m,*******,*******,*******,*******,*******,*******,anonymous,EN,0.699999988079071,"Yes, I consent",69cd6f0cbd63408fef2306cf,19,52,,I can't think of any,10,52,,I can't think of any,34,53,,I can't think of any,49,49,,I can't think of any,15,49,,I can't think of any,10,51,,I can't think of any,complete,,69cd6f0cbd63408fef2306cf
2026-04-16 10:32:51,2026-04-16 10:36:26,IP Address,*******,100,215,True,2026-04-16 10:36:26,R_1OH063aeRRbmk9q,*******,*******,*******,*******,*******,*******,anonymous,EN,1,"Yes, I consent",69c41799dfcdff198b56a122,5,10,,I can't think of any,10,48,,I can't think of any,12,48,,I can't think of any,8,49,,I can't think of any,9,48,,I can't think of any,9,51,,I can't think of any,complete,,69c41799dfcdff198b56a122
2026-04-16 10:33:32,2026-04-16 10:36:49,IP Address,*******,100,197,True,2026-04-16 10:36:50,R_3YDfTk5cvC4Al4B,*******,*******,*******,*******,*******,*******,anonymous,EN,1,"Yes, I consent",699e1dcb49e86818bdfbb251,1,50,,I can't think of any,1,50,,I can't think of any,1,50,,I can't think of any,1,3,Maybe one of them can live in the water and on land?,,1,50,,I can't think of any,1,50,,I can't think of any,complete,,699e1dcb49e86818bdfbb251
2026-04-16 10:32:47,2026-04-16 10:37:12,IP Address,*******,100,265,True,2026-04-16 10:37:12,R_1sOnLZkebwZdt85,*******,*******,*******,*******,*******,*******,anonymous,EN,1,"Yes, I consent",699ca1d819e8b3d00305124c,4,53,,I can't think of any,3,50,"It would have no effect, but maybe the stripes align with a larger stomach. ",,4,51,"I think the likelihood that it would relate is extremely low. Almost certainly no effect. ",I can't think of any,76,75,"The curved feet could very plausibly be an advantage in that it can be in different terrains, heights etc to grab different kinds of food",,57,90,"Maybe the curvy tail allows the reptile to bend in certain ways or propel itself forward at a faster rate. ",,3,50,"Again, the only possible explanation is difference in stomach size. Maybe one is male and one is female",,complete,,699ca1d819e8b3d00305124c
2026-04-16 10:33:27,2026-04-16 10:37:59,IP Address,*******,100,272,True,2026-04-16 10:38:00,R_3p2WIQ8DXeSyBSi,*******,*******,*******,*******,*******,*******,anonymous,EN,1,"Yes, I consent",69b57e288616ee6ce6d7c3de,67,50,,I can't think of any,67,50,,I can't think of any,67,61,,I can't think of any,84,86,"The one with the pointier toes, looks like it would have an easier time catching bugs.",,78,79,The one with the curled would have an easier time grabbing food.,,76,77,,I can't think of any,complete,,69b57e288616ee6ce6d7c3de
2026-04-16 10:32:54,2026-04-16 10:39:17,IP Address,*******,100,383,True,2026-04-16 10:39:18,R_7CqxMtSdONpCviw,*******,*******,*******,*******,*******,*******,anonymous,EN,1,"Yes, I consent",6786c7d17bc067f2f666cbed,1,50,,I can't think of any,1,50,,I can't think of any,1,50,,I can't think of any,1,50,,I can't think of any,1,50,,I can't think of any,2,50,I don't think the thickness of the strips is related to the amount of food consumed.,I can't think of any,complete,,6786c7d17bc067f2f666cbed
2026-04-16 10:36:59,2026-04-16 10:39:21,IP Address,*******,100,141,True,2026-04-16 10:39:22,R_16kUBKiCt2LOwvL,*******,*******,*******,*******,*******,*******,anonymous,EN,1,"Yes, I consent",69d43f779b178ce538616a8b,3,49,Bigger spots mean more food.,,3,49,Maybe the vertical stripes help the food go down better,,3,48,,I can't think of any,4,51,,I can't think of any,0,55,A straight tail would allow more food to be eaten.,,4,50,,I can't think of any,complete,,69d43f779b178ce538616a8b
2026-04-16 10:30:43,2026-04-16 10:39:25,IP Address,*******,100,521,True,2026-04-16 10:39:25,R_6f2WvJlRaN1sNnH,*******,*******,*******,*******,*******,*******,anonymous,EN,1,"Yes, I consent",6998804cdfd462a8fab9b10f,0,59,That the reptile still has more growing to do and what appears to be large spots will become smaller as it reaches adulthood.,,0,50,,I can't think of any,0,50,,I can't think of any,71,88,The curved pointed feet could mean that it must attack prey which would have to be obviously bigger than a fly or grub.,,0,50,,I can't think of any,5,61,The thcicker stripes could mean that there is more growth in the reptile's future.,,complete,,6998804cdfd462a8fab9b10f
2026-04-16 10:32:53,2026-04-16 10:39:34,IP Address,*******,100,401,True,2026-04-16 10:39:34,R_7pM0B1BCUgFYKWt,*******,*******,*******,*******,*******,*******,anonymous,EN,1,"Yes, I consent",69c6b593f1a1e111007338a9,30,41,"Sunlight absorption and what nutritional needs have to come from the food.  Less spots would equal more absorption meaning more energy from the sun. ",,8,50,,I can't think of any,81,22,"Purple is more natural in nature from living objects - plants, animals, etc.  Blue is almost always poisonous, and would be seen as a threat more often, which could scare off potential food sources. ",,100,86,"I think the dude with the pointy curved feet is going to pounce and attack easier, making food easier to hunt.",,100,94,"The little guy with the curly tail can use that tail as a feeler, a sort of sonar/antenna, and pick up on more sounds.  It can use that data to hunt.  ",,23,50,,I can't think of any,complete,,69c6b593f1a1e111007338a9
2026-04-16 10:31:20,2026-04-16 10:40:15,IP Address,*******,100,534,True,2026-04-16 10:40:16,R_54CO6EIBy4z4sY2,*******,*******,*******,*******,*******,*******,anonymous,EN,1,"Yes, I consent",695fe7a6e512deea3d56cdb5,100,5,The small spots make the reptile less conspicuous. It allows the reptile to stand out less so that it can more easily capture some food.,,90,20,The horizontal stripes allow the reptile to better blend in with it's surroundings. By blending in better the reptile can more easily capture food sources as they won't see the reptile.,,90,95,"The blue reptile can more easily blend into it's surroundings. The blue reptile can hide in the water where it will be difficult to see, therefore allowing it to more easily acquire food. The purple reptile will stick out like a sore thumb wherever it is.",,95,85,"The curved feet are more dangerous than the flat ones. This allows the reptile to more easily kill it's prey. It can swat the prey with it's curved feet, killing it and eating it up.",,10,65,"The prehensile tail allows the reptile to catch more bugs and other food things with it. It can then use it's tail to put the bugs in it's mouth, allowing it to eat easier than it can with a straight tail.",,55,60,The thick stripes might make the reptile a little more likely to blend in with it's surroundings. Through this the reptile can hide a little bit easier and have an easier time in hunting it's prey.,,complete,,695fe7a6e512deea3d56cdb5
2026-04-16 10:30:42,2026-04-16 10:40:26,IP Address,*******,100,583,True,2026-04-16 10:40:27,R_62rwHTrSbZPdKOF,*******,*******,*******,*******,*******,*******,anonymous,EN,1,"Yes, I consent",69c189244fa077aedd2ad997,60,50,"A certain pattern might offer better camouflage, which might allow the reptile to survive better and therefore acquire/eat more food since it can't eat if it's dead. ",,62,50,,I can't think of any,62,50,"Maybe there's some gene that influences their color that also influences what foods they can digest? I'm not sure, that seems like a huge reach.",,63,50,"The type of feet they have might influence what places they are able to access, which might influence what kinds of foods they are able to acquire. ",,57,50,The type of tail might influence it's balance and maybe one type can better access foods in higher places,,61,50,"Maybe the thickness of skin can influence where in the environment the reptile can be for extended periods of time, influencing how much food it can acquire?",,complete,,69c189244fa077aedd2ad997
2026-04-16 10:34:09,2026-04-16 10:40:34,IP Address,*******,100,385,True,2026-04-16 10:40:34,R_6Cr1tB2I8YDtG7w,*******,*******,*******,*******,*******,*******,anonymous,EN,1,"Yes, I consent",66293e47a3a86abb02cbefce,2,50,,I can't think of any,1,51,I don't know- maybe one set of stipes helps camoflauge them better and they can eat more?,,43,55,I was thinking that maybe their would require different nutrients to be able to produce their color.,,67,88,I am thinking that maybe the pointy feet allow them to run faster and maybe they can use them to get their food.,,4,49,I can't think of any reason why this tail shape would matter unless they were using it as a tool.,,2,50,,I can't think of any,complete,,66293e47a3a86abb02cbefce
2026-04-16 10:35:30,2026-04-16 10:41:05,IP Address,*******,100,334,True,2026-04-16 10:41:05,R_5Fn9UfHE92OkXKY,*******,*******,*******,*******,*******,*******,anonymous,EN,1,"Yes, I consent",69a9c7c636651897dd38829f,30,50,"possible for better camouflage ",,30,50,"possibly better camouflage when comparing the two. ",,10,50,,I can't think of any,60,75,The pointed feet might imply they are sharper and can be used as tools to acquire certain food that a reptile with round/non-sharper feet cannot.,,40,60,,I can't think of any,60,30,Thin stripes could act as better camouflage allowing to catch certain prey easier.,,complete,,69a9c7c636651897dd38829f
2026-04-16 10:34:38,2026-04-16 10:41:27,IP Address,*******,100,409,True,2026-04-16 10:41:28,R_5cZ4zdwsYXAREUF,*******,*******,*******,*******,*******,*******,anonymous,EN,1,"Yes, I consent",60fce0bedbae8b8996c93203,30,50,,I can't think of any,30,50,,I can't think of any,50,50,,I can't think of any,50,50,,I can't think of any,50,75,The curly tail can catch prey,I can't think of any,30,50,,I can't think of any,complete,,60fce0bedbae8b8996c93203
2026-04-16 10:33:22,2026-04-16 10:41:32,IP Address,*******,100,489,True,2026-04-16 10:41:32,R_1MlBCL9MuG1uzex,*******,*******,*******,*******,*******,*******,anonymous,EN,1,"Yes, I consent",64eede50d732cf4ab3e590ad,12,68,I'm thinking that the larger spots might require more of a certain protein or amino acid to manifest these big spots but - ??,,45,49,,I can't think of any,36,33,"Maybe to create its purple skin, this reptile must eat more of a certain nutrient that the blue one doesn't need to consume.",,63,29,"There is a LITTLE more fat on those rounded toes/feet, so maybe that creature needs a bit more food.",,51,52,,I can't think of any,53,49,,I can't think of any,complete,,64eede50d732cf4ab3e590ad
2026-04-16 10:32:52,2026-04-16 10:41:34,IP Address,*******,100,521,True,2026-04-16 10:41:35,R_7NhnWWyUpgV0GO7,*******,*******,*******,*******,*******,*******,anonymous,EN,1,"Yes, I consent",60fce319094706567dd18681,73,33,"The small spots would blend into the sand better than the large spots. ",,79,26,"The reptile with the horizontal stripes would be able to blend in with the cacti when they are climbing it. The direction of their stripes would match the grain running down the cacti. ",,77,84,I think that the blue reptile would be able to get more food because it could camouflage into the water better,,73,95,"The curved feet could dig for things easier and it could also climb things easier. ",,83,81,"The curly tail could be used as another appendage to capture prey, potentially as a grabber, holder, or a storage place. ",,52,50,"it would depend on the breed and variety of vegetation in the ecosystem that it could blend into. ",,complete,,60fce319094706567dd18681
2026-04-16 10:32:56,2026-04-16 10:41:54,IP Address,*******,100,538,True,2026-04-16 10:41:54,R_6lLFY1EbX09dS7s,*******,*******,*******,*******,*******,*******,anonymous,EN,1,"Yes, I consent",654beb18b762f5afea837c8b,51,51,This would depend on their enviornment,,87,51,Not sure one over the other each would serve to camoflauge them from their prey,,1,51,"I said it was implausible, BUT then I remembered different reptiles that change color to camoflauge themselves in order to attack their prey.  ",,57,53,"Maybe some reptiles pull their food closer to them with their feet or use their feet to kill their prey, and maybe they have claws on their feet to help too.",,84,92,They could hide more effectively by hanging from areas,,78,51,,I can't think of any,complete,,654beb18b762f5afea837c8b
2026-04-16 10:33:23,2026-04-16 10:42:46,IP Address,*******,100,563,True,2026-04-16 10:42:47,R_5bW3GBCfXmkT9tu,*******,*******,*******,*******,*******,*******,anonymous,EN,1,"Yes, I consent",69629493b1f6a8964a10930c,51,51,,I can't think of any,50,50,,I can't think of any,100,50,better camouflage to hunt/aqyure food,,99,100,better ability to catch prey,,99,100,able tio avvess more sources,,50,49,,I can't think of any,complete,,69629493b1f6a8964a10930c
2026-04-16 10:35:35,2026-04-16 10:44:06,IP Address,*******,100,511,True,2026-04-16 10:44:07,R_6dBjYpm2q0pJsTw,*******,*******,*******,*******,*******,*******,anonymous,EN,1,"Yes, I consent",648a1d21a3372cbf1e7a499d,100,50,It would depend on the environment and what they eat,,100,50,One might blend better with it's surroundings making it easier to hunt prey.,,100,50,It would depend on the environment,,100,50,It seems like the one with longer pointier feet might be able to secure more food,,100,50,,I can't think of any,70,50,The thickness of the stripes could affect how well the reptile blends in with their environment which could have an impact on how much or little they eat.,,complete,,648a1d21a3372cbf1e7a499d
2026-04-16 10:35:03,2026-04-16 10:44:23,IP Address,*******,100,559,True,2026-04-16 10:44:23,R_5eM0Y8Si7rzWe6m,*******,*******,*******,*******,*******,*******,anonymous,EN,1,"Yes, I consent",59a07638bfd73c00010ea394,100,50,"The environment they live in may play a factor and the spots may determine how well they blend into said environment causing one to be able to secure more food do to a superior ability to camouflage. ",,100,50,,I can't think of any,100,50,"The surrounding environment and how they blend into plays a huge role when it comes to color, the color is naturally going to favor whoever blends in better.",,100,100,Curved feet usually mean either some type of claw or at the very least a superior ability to exert pressure through said curved feet.,,100,100,A curly tail implies the ability to hang by said tail which would provide an implicit advantage when it comes to getting the drop on prey.,,100,50,With this one once again the surrounding environment plays a role. Maybe smaller strips make prey unable to adequately see or maybe it makes them stand out.,,complete,,59a07638bfd73c00010ea394
2026-04-16 10:32:59,2026-04-16 10:44:51,IP Address,*******,100,711,True,2026-04-16 10:44:51,R_5UgdSg1111mHTvF,*******,*******,*******,*******,*******,*******,anonymous,EN,1,"Yes, I consent",67f1e27db9015a004d130122,72,33,Certain plants and minerals can change the size of their spots to be bigger or smaller,,68,10,Horizontal or vertical stripes depends on a amino acid in their food if they have access to it or not,,70,72,If they eat certain plants it can change the color of their skin,,25,46,If they eat meat they will have claws to tear it apart otherwise plant eaters will have flatter feet,,12,51,Maybe it has to do with the amount of protein in the diet. If they eat a lot of bugs or even small rodents it could affect their tail growth,,66,82,It’s the amount of a certain enzyme or protein in the blood that makes their stripes a certain way. Depending on their diet,,complete,,67f1e27db9015a004d130122
2026-04-16 10:31:01,2026-04-16 10:46:15,IP Address,*******,100,914,True,2026-04-16 10:46:15,R_5EEeC3Is3DCgG6G,*******,*******,*******,*******,*******,*******,anonymous,EN,0.8999999761581421,"Yes, I consent",69a0854bba1311fe455b1f40,68,50,"Some prey can see different sizes of shapes differently, so it may affect how fast or discoverable the prey is to the reptile, making the reptile able to acquire food easier. However, I am unsure about what size dots.",,70,50,"Some prey may detect the direction of the stripe more than another direction, thus affecting the reptiles discovery / the amount of food the reptile acquires. I am unsure about what direction of the stripe.",,50,50,"The color of a reptile can make it easier to hide, since both of these colors are quite abstract for a reptile, I'm in the middle. Some prey may be able to see other colors better so, the less discoverable color would make it easier for the reptile to catch prey.",,70,72,"I think that due to the nature of a reptile, its speed on catching prey lies a lot in its legs, also to mention that it may be easier to catch prey in water with different feet. I think that having pointed feet may make the reptile faster /and or able to access aquatic prey faster.",,36,50,,I can't think of any,67,50,"Some prey can see shapes differently, so it may affect the discovery of the reptile when its trying to acquire a prey, making the amount higher. However, I am unable unsure which size stripes.",,complete,,69a0854bba1311fe455b1f40
2026-04-16 10:40:59,2026-04-16 10:46:48,IP Address,*******,100,348,True,2026-04-16 10:46:48,R_7NFGeouMqKLIp0w,*******,*******,*******,*******,*******,*******,anonymous,EN,1,"Yes, I consent",69cebd63ca869639e1230ccd,41,61,Maybe they have more spots because they are in the sun more and they are more liekly to be in the sun if they eat more food or have to hunt for more food.,,35,44,Maybe a certain stripe direction would allow them to camoflage better so they can then hunt better and then eat more.,,66,69,maybe the blue reptile could blend in more withe the sky or water.,,77,73,I would think foot shape would play a larger role in ability to run or catch food therefore eating more.,,29,61,Maybe the curly tail gives them more grip for climbing trees or catching food.,,43,37,,I can't think of any,complete,,69cebd63ca869639e1230ccd
2026-04-16 10:41:15,2026-04-16 10:47:03,IP Address,*******,100,348,True,2026-04-16 10:47:03,R_52Wg6SoRfu6HVMj,*******,*******,*******,*******,*******,*******,anonymous,EN,1,"Yes, I consent",69ab9f5664a6fa203675624e,45,81,"The larger spots mean that the reptile is larger. Since it is a larger animal, it likely means that they can eat more. ",,35,50,,I can't think of any,37,27,,I can't think of any,39,78,"Curved foot shape may mean a thicker animal, meaning they may be able to eat more. ",,46,61,,I can't think of any,39,74,The thicker stripes could mean that the reptile is larger.,,complete,,69ab9f5664a6fa203675624e
2026-04-16 10:41:03,2026-04-16 10:47:58,IP Address,*******,100,414,True,2026-04-16 10:47:58,R_3PA6IAzPWfK3ZvA,*******,*******,*******,*******,*******,*******,anonymous,EN,1,"Yes, I consent",6369700320bc7dd22e733009,69,70,The one with the larger spots would probably blend in more with its landscape. The one with the smaller dots would stand out and acquiring food would be more difficult.,,60,50,,I can't think of any,78,50,"Whichever one blends in with the landscape more will get more food. If it is not seen as easily, it will not be discovered by its prey.",,71,76,"The one with curved feet is better able to adhere to various surfaces better; thus, it has more of a chance at acquiring food.",,70,73,I think the one with the curly tail would be better able to climb and have access to more food. The tail would act as a balance.,,20,50,"The thinner more abundant striped reptile may eat more which is evidenced by the number of dark green stripes. The more it eats, the more stripes it develops.",,complete,,6369700320bc7dd22e733009
2026-04-16 10:45:00,2026-04-16 10:48:21,IP Address,*******,100,200,True,2026-04-16 10:48:21,R_1QuCw6YL58cF5sb,*******,*******,*******,*******,*******,*******,anonymous,EN,1,"Yes, I consent",69b18919158bbb79b1aeaad3,10,50,,I can't think of any,50,100,"Vertical stripes might allow it to blend in with grass, letting it hide and be more effective at hunting",,10,50,maybe it impacts their ability to camouflage and hunt prey,,65,100,easier to grasp food and hunt,,10,50,,I can't think of any,10,50,maybe it would affect camouflage?,,complete,,69b18919158bbb79b1aeaad3
2026-04-16 10:34:36,2026-04-16 10:50:50,IP Address,*******,100,974,True,2026-04-16 10:50:51,R_5qgjPTrDDVEfLzP,*******,*******,*******,*******,*******,*******,anonymous,EN,1,"Yes, I consent",60714361f47701ab73535ae8,100,60,"The larger spots seem to mimic the dappling of colors that are affected by sun rays coming through trees or clouds. Again, this benefit would be for camouflaging the reptile so that they can ambush living prey. It's also possible that the small spots would be better in some environments or for remaining hidden from their prey.",,100,50,"During some parts of the day, the sun rays can create vertical bright and dark patterns, so the reptile might fit right in if they are around similarly-colored natural attributes. On the other hand, there are natural rock designs that are striated horizontally, which may allow that pattern of reptile to take advantage of its camouflage. I think the greater benefit woud depend on the setting.",,100,85,"If the reptile hunts or lives near a water source, it's possible they would blend in better if they are blue. Purple doesn't often show up in nature, so I think it would make the reptile stand out more.",,100,90,I think the pointy feet would enable the reptile to grasp their food more efficiently. They also might be able to better hold on to branches or rocks in the water so that they can hunt food as it goes by in a current.,,100,90,The curly tail could have grabbing capability so that the reptile could situate itself in an unnatural position by clamping onto a tree trunk or rock. The reptile might be able to lurk above its prey to jump down from above and capture it.,,100,75,"I think the thicker stripes would better camouflage the reptile in many natural environments. In the example illustrated, the thinner stripes draw my eye right to the reptile, so they may be less able to blend in and stalk their food source.",,complete,,60714361f47701ab73535ae8
2026-04-16 10:44:55,2026-04-16 10:51:08,IP Address,*******,100,372,True,2026-04-16 10:51:08,R_61c2XNrsj6mmunH,*******,*******,*******,*******,*******,*******,anonymous,EN,1,"Yes, I consent",66294a4e95c789c953636280,50,50,,I can't think of any,51,50,"The same as with big or thin strips it is about camouflage. Being able to hid from prey is a must. It heightens the ability to stalk. ",,51,50,,I can't think of any,72,72,"Curved feet can help with grip on rocks and other surfaces. Which can help it reach hard to get to prey. Or to even dig the prey out. ",,81,16,"I believe the straight tail would help in creeping up on prey. It might also help with stability in chasing prey. ",,51,40,The stripes might help the animal to camouflage better. I am not certain of this in the dessert but in another environment it might work.,,complete,,66294a4e95c789c953636280
2026-04-16 10:35:07,2026-04-16 10:51:14,IP Address,*******,100,967,True,2026-04-16 10:51:15,R_6fCeO3fRIcqeYSJ,*******,*******,*******,*******,*******,*******,anonymous,EN,1,"Yes, I consent",69952c4a0bb463a74f843450,82,96,Large spots on a desert setting is better camouflage so more food.,,63,15,The plausible reason could be that the horizontal stripes have more of a camouflage effect on the ground so more food!,,50,50,"They would equally find food because the purple one would go near purple flowers to catch the insects there and the blue one would go near the blue flowers to catch the insects there! ",,67,50,"Well, I would think that rounded feet would be less aggressive so less food! More aggression would mean more food maybe. Not so sure about the whole thing.",,86,82,Curly tail better adapted to balance from brush branches to branches. More food.,,72,51,"The wider stripes are more like the cacti shapes, so more camouflage and more food.",,complete,,69952c4a0bb463a74f843450
2026-04-16 10:32:55,2026-04-16 10:54:09,IP Address,*******,100,1274,True,2026-04-16 10:54:10,R_31ghaROTioMKnbd,*******,*******,*******,*******,*******,*******,anonymous,EN,0.8999999761581421,"Yes, I consent",6989f788ec4e212414ef5866,50,75,"I think that larger spots might be more helpful with camouflage, giving that reptile more opportunities to catch more food than one with small spots.",,52,50,,I can't think of any,62,28,I think the the blue reptile would stand out against the landscape and its prey would recognize the threat faster than they would the purple reptile. I think the purple reptile might be less noticeable by its prey and be able to acquire and eat more of it.,,76,82,I think that the reptile's foot shape could either give it an advantage or disadvantage when it comes to its overall speed and mobility. Faster reptiles will be able to catch more food.,,75,86,Other animals use worm-like appendages to lure prey items close enough to be captured and eaten. I suppose it's possible that reptiles could do the same with a curly tail.,,45,86,"I think that the thicker stripes might allow the reptile to camouflage more easily in its habitat and be able to ambush prey animals. The thin stripes are a bit more eye catching, in my opinion, and might cause prey animals to keep their distance.",,complete,,6989f788ec4e212414ef5866
2026-04-16 10:33:32,2026-04-16 10:58:02,IP Address,*******,100,1469,True,2026-04-16 10:58:03,R_1IaxI4z6sxCrpqn,*******,*******,*******,*******,*******,*******,anonymous,EN,0.8999999761581421,"Yes, I consent",5fb9b9c1c62f408e51e09e32,0,100,"A higher caloric intake might cause spot pigment to deposit in a greater amount, just like sugary and fatty might make a person store more fat.",,90,100,"A frog with vertical green stripes could hide in the grass near a desert riverbank and acquire more food to eat. ",,60,50,Color could affect it because a blue frog could hide in blue flowers and potentially acquire more food and eat it since their food supply would be caught unawares. This would also work if a purple frog could hide in purple flowers. It would depend on the colors of flowers in their environment.,,100,100,A frog with curvy feet could climb trees and high rocks and acquire more food to eat.,,70,90,An animal with a curly tail might use that tail to grab onto things and acquire more food from a higher food source or it could potentially use its tail to catch and acquire more food than a strait-tail frog.,,75,0,A thin-striped frog would be less visible to its prey than a thick-striped frog and hence would be able to catch and eat more food.,,complete,,5fb9b9c1c62f408e51e09e32
2026-04-16 10:33:19,2026-04-16 10:58:49,IP Address,*******,100,1530,True,2026-04-16 10:58:50,R_3zv7ApzVtmuJUcp,*******,*******,*******,*******,*******,*******,anonymous,EN,0.6000000238418579,"Yes, I consent",69c7ea998976741d4b1bfe90,28,91,If there is a relation between the spot and the amount of food a  reptile can acquire and eat then I think it is similar to we human whatever we eat can influence our skin as well as our body. So in this case a reptile that take large amount of good food is likely to have big nice spot than the one that takes small amount of food.,,59,64,"There is a lower chance that the  amount of food a reptile eat can influence it stripe. ",,11,27,"I think color of a reptile might  not relate to the amount of food it eat because as humans our color remains the same regardless of the amount of we eat. So from my point of I believe that there is no or little chance that amount of food can influence the color of reptile. ",,91,83,I think large amount of food taken by a reptile will increase the weight as well as the various part of the it body including the foot. Because as humans the more you eat there is higher chance of you gain weight which affect the entire body.,,49,80,"What I personally know is that as reptile grows it parts also changes which includes it tales. But with the amount of food I believe that the amount it takes can also influence its in parts such as the tail to grow big or long ",,70,82,"The amount of food a reptile eats if it is large amount and contains vital nutrient it skin is likely to be thick than the one that does not take large amount of food. ",,complete,,69c7ea998976741d4b1bfe90
2026-04-16 11:03:10,2026-04-16 11:05:48,IP Address,*******,100,158,True,2026-04-16 11:05:49,R_1GKsumxpVKJyEhj,*******,*******,*******,*******,*******,*******,anonymous,EN,1,"Yes, I consent",67aa52dcb66d138fca70a211,50,50,i have no idea,I can't think of any,50,50,,I can't think of any,50,50,,I can't think of any,50,50,,I can't think of any,50,50,,I can't think of any,50,50,,I can't think of any,complete,,67aa52dcb66d138fca70a211
2026-04-16 10:58:47,2026-04-16 11:19:42,IP Address,*******,100,1254,True,2026-04-16 11:19:43,R_7hFoP45x9fgvB3P,*******,*******,*******,*******,*******,*******,anonymous,EN,0.8999999761581421,"Yes, I consent",5dbb9407e0a6e81863526af7,40,0,"Smaller spots probably look more like the pebbles and grit on the ground, so it's way easier for them to hide and ambush bug",I can't think of any,65,100,I think vertical stripes probably help them hide better in tall grass so they can ambush their prey without being seen,I can't think of any,15,50,Maybe blue helps them blend into the shadows under rocks better so they can snag bugs without being noticed,I can't think of any,85,100,I bet curved feet give them a way better grip for climbing trees or scrambling over rocks to catch fast bugs,I can't think of any,80,100,A curly tail probably lets them grab onto branches like an extra hand so they can reach food in tricky spots,I can't think of any,45,0,I think thin stripes might help them blend into the shadows of small leaves and twigs better so they can get closer to their food.,I can't think of any,complete,,5dbb9407e0a6e81863526af7
2026-04-16 10:58:50,2026-04-16 11:22:49,IP Address,*******,100,1438,True,2026-04-16 11:22:49,R_7QDqZgxAmAzNzqi,*******,*******,*******,*******,*******,*******,anonymous,EN,0.8999999761581421,"Yes, I consent",5d2fbee1fb16450018a7a023,35,0,Smaller spots might look like little heat-trapping freckles that help them warm up faster in the morning sun so they can start hunting way before the competition wakes up,I can't think of any,65,100,It seems like those lines could break up their body shape against the desert plants and make it way easier to sneak up on a meal,I can't think of any,15,50,"It could be that purple is just harder for some insects to see against the desert flowers, giving the reptile a head start on lunch",I can't think of any,85,100,It seems like those pointy toes would help them dig into the dirt or sand to find hidden treats more easily,I can't think of any,75,100,I bet a curly tail helps them hang onto branches so they can reach bugs in spots where other lizards would just fall off.,I can't think of any,40,0,"It feels like a finer pattern would break up their outline much better against the grainy dirt, giving them a real leg up when they're out hunting",I can't think of any,complete,,5d2fbee1fb16450018a7a023
