participant,free_texts,feedback,food_amount,trial_stop_time,testing_image_order,testing_responses,training_categories,training_tail,training_wing,training_color,testing_categories,conditionOrder,training_image_order,attention_check,relevant_dim_1,relevant_dim_2,irrelevant_dim,color_high,color_low,wing_high,wing_low,tail_high,tail_low,wing_discrete_slider.response,wing_direction_slider.response,wing_continuous_slider.response,color_discrete_slider.response,color_direction_slider.response,color_continuous_slider.response,tail_discrete_slider.response,tail_direction_slider.response,tail_continuous_slider.response
011,"[""I'm assuming this is a baseline amount of food for a sperk."", 'It ate more because it has a curly tail.', 'It ate less because it has wings instead of paws.\xa0', 'It ate less because of the curly tail.', 'It ate less because of the wings, but slightly more because the tail is straight.', 'it ate less because of the wings', 'it ate more because it has a straight tail', 'it ate more because its yellow', ""it's blue and has a straight tail"", 'because of the straight tail', 'because of the wings', 'because of its color', 'because of the wings', 'because of the wings and straight tail', 'because of the wings and curly tail', 'because of the curly tail', 'because of the curly tail', 'because of the straight tail', 'because of the wings', 'because of the curly tail', 'because of the color', 'because of the straight tail', 'because of the wings', 'because of the curly tail']","[""i didn't mean to skip the last screen. i click and it brought me directly to the end. :(""]","[5.0, 7.0, 3.0, 4.0, 4.0, 3.0, 6.0, 7.0, 3.0, 6.0, 2.0, 7.0, 2.0, 5.0, 7.0, 6.0, 6.0, 5.0, 3.0, 6.0, 4.0, 5.0, 2.0, 8.0]",287.8801,"['N_Y_S', 'T_Y_S', 'T_Y_C', 'N_B_S', 'T_B_C', 'N_B_C', 'N_Y_C', 'T_B_S']","[8.0, 4.0, 3.0, 7.0, 3.0, 9.0, 6.0, 4.0]","['medium', 'high', 'low', 'medium', 'medium', 'low', 'high', 'medium', 'medium', 'high', 'low', 'high', 'low', 'medium', 'medium', 'medium', 'medium', 'medium', 'low', 'medium', 'high', 'medium', 'low', 'high']","['I1', 'I2', 'I1', 'I2', 'I1', 'I2', 'I1', 'I2', 'I1', 'I1', 'I1', 'I2', 'I2', 'I1', 'I2', 'I2', 'I2', 'I1', 'I1', 'I2', 'I1', 'I1', 'I2', 'I2']","['H2', 'H2', 'L2', 'H2', 'L2', 'L2', 'H2', 'L2', 'H2', 'H2', 'L2', 'H2', 'L2', 'L2', 'L2', 'H2', 'H2', 'L2', 'L2', 'L2', 'H2', 'H2', 'L2', 'H2']","['L1', 'H1', 'L1', 'L1', 'H1', 'L1', 'H1', 'H1', 'L1', 'H1', 'L1', 'H1', 'L1', 'H1', 'H1', 'L1', 'L1', 'H1', 'L1', 'H1', 'H1', 'L1', 'L1', 'H1']","['high', 'medium', 'medium', 'medium', 'low', 'medium', 'high', 'low']",11,"['N_B_S', 'N_Y_C', 'T_B_S', 'N_B_C', 'T_Y_S', 'T_B_C', 'N_Y_S', 'T_Y_C', 'N_B_S', 'N_Y_S', 'T_B_S', 'N_Y_C', 'T_B_C', 'T_Y_S', 'T_Y_C', 'N_B_C', 'N_B_C', 'T_Y_S', 'T_B_S', 'T_Y_C', 'N_Y_S', 'N_B_S', 'T_B_C', 'N_Y_C']",0,color,wing,tail,Y,B,N,T,C,S,Yes, Paws,6.0,No,,,Yes, Straight,6.0
014,"['Because he is blue', 'Because he is yellow', 'Because he has wings', 'Because he is blue', 'Becaue his tail is curly', 'Becuase he has a curly tail', 'Because he has a staight tail', 'Becuase he is blue', 'Because he has wings', 'Because he is blue', 'Because he is blue', 'Because he is blue', 'Because he is yellow', 'Because his tail is straight', 'Because he has wings', 'BEcause he is blue', 'Because his tail is curly', 'Because he is blue with a straigh tail', 'Because he is yellow with a curly tail', 'Because he is blue', 'BEcause he is yellow with a curly tail', 'Because he has a straigt tail', 'Because he is blue', 'Because he is yellow']",[],"[5.0, 3.0, 6.0, 7.0, 2.0, 5.0, 5.0, 7.0, 5.0, 7.0, 6.0, 5.0, 1.0, 4.0, 4.0, 7.0, 4.0, 6.0, 3.0, 5.0, 3.0, 4.0, 8.0, 5.0]",271.7648,"['T_B_S', 'N_B_S', 'N_Y_S', 'N_Y_C', 'N_B_C', 'T_Y_S', 'T_B_C', 'T_Y_C']","[5.0, 7.0, 4.0, 3.0, 6.0, 3.0, 7.0, 4.0]","['medium', 'low', 'medium', 'high', 'low', 'medium', 'medium', 'high', 'medium', 'high', 'medium', 'medium', 'low', 'medium', 'low', 'high', 'medium', 'high', 'low', 'medium', 'low', 'medium', 'high', 'medium']","['L2', 'L2', 'H2', 'H2', 'L2', 'L2', 'H2', 'H2', 'H2', 'H2', 'L2', 'L2', 'L2', 'H2', 'L2', 'H2', 'L2', 'H2', 'L2', 'L2', 'L2', 'H2', 'H2', 'H2']","['I2', 'I2', 'I1', 'I1', 'I1', 'I1', 'I2', 'I2', 'I1', 'I1', 'I2', 'I1', 'I2', 'I2', 'I1', 'I2', 'I2', 'I2', 'I1', 'I1', 'I2', 'I2', 'I1', 'I1']","['H1', 'L1', 'L1', 'H1', 'L1', 'H1', 'L1', 'H1', 'L1', 'H1', 'H1', 'H1', 'L1', 'L1', 'L1', 'H1', 'H1', 'H1', 'L1', 'H1', 'L1', 'L1', 'H1', 'L1']","['high', 'high', 'medium', 'low', 'medium', 'medium', 'medium', 'low']",14,"['N_B_C', 'N_Y_C', 'T_Y_S', 'T_B_S', 'T_Y_C', 'T_B_C', 'N_Y_S', 'N_B_S', 'T_Y_S', 'T_B_S', 'N_B_C', 'T_B_C', 'N_Y_C', 'N_Y_S', 'T_Y_C', 'N_B_S', 'N_B_C', 'N_B_S', 'T_Y_C', 'T_B_C', 'N_Y_C', 'N_Y_S', 'T_B_S', 'T_Y_S']",1,color,tail,wing,B,Y,T,N,S,C,No,,,Yes,Blue,5.0,Yes, Straight,3.0
003,"['Because it has wings and a tail and is blue', 'Because it has wings and a tail and is yellow', 'because it has wings and a tail and is yellow', ""because it doesn't have wings and is yellow and has a tail"", ""because it doesn't have wings but has a tail and is blue"", ""because it doesn't have wings but has a tail and is blue"", 'because it has wings and a tail and is blue', ""because it doesn't have wings but\xa0 has a tail and is yellow"", ""because it doesn't have wings but has a tail and is yellow"", ""because it doesn't have wings but has a tail and is blue"", ""because it doesn't have wings but has a tail and is blue"", 'because it has wings and a tail and is yellow', 'because it has wings and a tail and is blue', 'because it has wings and a tail and is yellow', 'because it has wings and a tail and is blue', ""because it doesn't have wings but has a tail and is yellow"", 'because it has wings and a tail and is yellow', ""because it doesn't have wings but has a tail and is blue"", ""because it doesn't have wings but has a tail and is blue"", 'because it has wings and a tail and is blue', 'because it has wings and a tail and is blue', 'because it has wings and a tail and is yellow', ""because it doesn't have wings but has a tail and is yellow""]",['none'],"[3.0, 4.0, 3.0, 5.0, 5.0, 4.0, 6.0, 5.0, 5.0, 5.0, 7.0, 7.0, 4.0, 1.0, 6.0, 6.0, 5.0, 6.0, 7.0, 5.0, 2.0, 2.0, 6.0, 4.0]",441.706,"['T_B_C', 'N_Y_C', 'T_B_S', 'N_Y_S', 'N_B_S', 'T_Y_C', 'T_Y_S', 'N_B_C']","[6.0, 4.0, 4.0, 4.0, 5.0, 5.0, 4.0, 5.0]","['low', 'medium', 'medium', 'high', 'medium', 'medium', 'high', 'low', 'high', 'high', 'medium', 'medium', 'medium', 'low', 'medium', 'low', 'high', 'medium', 'medium', 'medium', 'low', 'low', 'medium', 'high']","['I1', 'I2', 'I1', 'I1', 'I1', 'I2', 'I2', 'I2', 'I1', 'I2', 'I2', 'I1', 'I2', 'I2', 'I1', 'I1', 'I1', 'I1', 'I1', 'I2', 'I2', 'I1', 'I2', 'I2']","['L1', 'L1', 'L1', 'H1', 'H1', 'H1', 'H1', 'L1', 'H1', 'H1', 'H1', 'H1', 'L1', 'L1', 'L1', 'L1', 'H1', 'L1', 'H1', 'H1', 'L1', 'L1', 'L1', 'H1']","['L2', 'H2', 'H2', 'H2', 'L2', 'L2', 'H2', 'L2', 'H2', 'H2', 'L2', 'L2', 'H2', 'L2', 'H2', 'L2', 'H2', 'H2', 'L2', 'L2', 'L2', 'L2', 'H2', 'H2']","['low', 'high', 'low', 'high', 'medium', 'medium', 'medium', 'medium']",3,"['T_B_S', 'T_Y_C', 'T_Y_S', 'N_Y_S', 'N_B_S', 'N_B_C', 'N_Y_C', 'T_B_C', 'N_Y_S', 'N_Y_C', 'N_B_C', 'N_B_S', 'T_Y_C', 'T_B_C', 'T_Y_S', 'T_B_S', 'N_Y_S', 'T_Y_S', 'N_B_S', 'N_B_C', 'T_B_C', 'T_B_S', 'T_Y_C', 'N_Y_C']",1,wing,color,tail,Y,B,N,T,S,C,Yes,Wings,5.0,Yes, Yellow,6.0,No,,
008,"['Because it has wings.', ""Because it's yellow."", ""Because it's blue and has no wings."", ""Because it's blue, has no wings and a straight tail."", ""Because it's blue, has a curly tail and wings."", ""Because it's yellow, has a curly tail and wings."", 'Because it has no wings and a curly tail.', 'No wings and straight tail.', 'Wings and straight tail.', 'No wings and curly tail.', 'Wings and curly tail.', 'Blue and curly tail.', 'Blue and straight tail.', 'Wings, blue and curly tail.', 'Wings, blue and straight tail.', 'Straight tail.', 'Straight tail.', 'Curly tail.', 'Straight tail.', 'Blue and straight tail.', 'Yellow, no wings.', 'Blue and curly tail.', 'Blue and straight tail.', 'Yellow and wings.']",[],"[7.0, 4.0, 5.0, 5.0, 5.0, 6.0, 4.0, 3.0, 5.0, 1.0, 4.0, 8.0, 6.0, 5.0, 8.0, 7.0, 5.0, 3.0, 7.0, 7.0, 1.0, 6.0, 9.0, 3.0]",453.634,"['N_Y_C', 'T_B_S', 'N_B_S', 'N_B_C', 'T_B_C', 'T_Y_S', 'N_Y_S', 'T_Y_C']","[5.0, 6.0, 6.0, 6.0, 8.0, 5.0, 3.0, 8.0]","['high', 'medium', 'medium', 'high', 'medium', 'low', 'low', 'medium', 'medium', 'low', 'low', 'medium', 'high', 'medium', 'high', 'medium', 'medium', 'low', 'high', 'medium', 'medium', 'medium', 'high', 'low']","['H1', 'H1', 'L1', 'H1', 'L1', 'L1', 'L1', 'H1', 'H1', 'L1', 'L1', 'L1', 'H1', 'L1', 'H1', 'H1', 'H1', 'L1', 'H1', 'L1', 'H1', 'L1', 'H1', 'L1']","['I2', 'I2', 'I1', 'I1', 'I2', 'I2', 'I1', 'I1', 'I2', 'I1', 'I2', 'I1', 'I1', 'I2', 'I2', 'I1', 'I2', 'I1', 'I1', 'I1', 'I1', 'I2', 'I2', 'I2']","['H2', 'L2', 'H2', 'H2', 'H2', 'L2', 'L2', 'L2', 'L2', 'L2', 'L2', 'H2', 'H2', 'H2', 'H2', 'L2', 'L2', 'L2', 'H2', 'H2', 'L2', 'H2', 'H2', 'L2']","['low', 'high', 'high', 'medium', 'medium', 'medium', 'medium', 'low']",8,"['T_B_S', 'T_Y_S', 'N_B_C', 'N_B_S', 'T_B_C', 'T_Y_C', 'N_Y_C', 'N_Y_S', 'T_Y_S', 'N_Y_C', 'T_Y_C', 'N_B_C', 'N_B_S', 'T_B_C', 'T_B_S', 'N_Y_S', 'T_Y_S', 'N_Y_C', 'N_B_S', 'N_B_C', 'N_Y_S', 'T_B_C', 'T_B_S', 'T_Y_C']",1,tail,color,wing,B,Y,T,N,S,C,Yes,Wings,6.0,Yes,Blue,5.0,Yes,Curly,6.0
007,"['needed energy from flying', 'yellow sperks have less natural camoflodge so they need more food', 'walking on paws takes more energy than wings', 'paws need more food than wings', 'little energy needed for winged blue sperk', 'wings mean less food consumed', 'straight tail sperks do not clime with their tails so they need less\xa0', 'paws and a straight tail mean the sperk must run to camoflodge', 'curly tail from climing and wings make this food amount approprite\xa0', 'he did not need much food today', 'he needed more food from climbing', 'he ran a lot on his paws and needed to hide from predators', 'he was flying more than usual', 'he ran a lot more and did a lot of climbing', 'he did alot of flying since he cant clime', 'he was able to hide easier by climbing and flying', 'he was able to fly and hang out above predators', 'he was able to clime to hide from predators all day', 'he had to spend a lot of time running today', 'he spent more time flying becuase he cant clime with his tail', 'his tail and wings helped him up the tree for food easier', 'hehad to fly higher today', 'he needed to eat more becuase he ran and could not clime', 'running and unable to clime for food as easy made him need more']",[],"[2.0, 7.0, 4.0, 8.0, 2.0, 6.0, 6.0, 7.0, 5.0, 3.0, 5.0, 9.0, 5.0, 7.0, 7.0, 3.0, 2.0, 2.0, 7.0, 6.0, 2.0, 6.0, 7.0, 6.0]",579.8694,"['T_B_C', 'N_B_S', 'T_Y_C', 'N_Y_C', 'T_Y_S', 'N_Y_S', 'N_B_C', 'T_B_S']","[3.0, 5.0, 2.0, 5.0, 6.0, 6.0, 4.0, 4.0]","['low', 'medium', 'medium', 'high', 'low', 'medium', 'high', 'medium', 'medium', 'medium', 'high', 'high', 'low', 'medium', 'medium', 'low', 'low', 'medium', 'high', 'medium', 'low', 'medium', 'medium', 'high']","['I2', 'I2', 'I1', 'I1', 'I1', 'I1', 'I2', 'I2', 'I1', 'I2', 'I1', 'I2', 'I2', 'I1', 'I2', 'I1', 'I2', 'I1', 'I1', 'I2', 'I1', 'I1', 'I2', 'I2']","['L2', 'L2', 'H2', 'H2', 'L2', 'L2', 'H2', 'H2', 'L2', 'H2', 'H2', 'H2', 'L2', 'H2', 'L2', 'L2', 'L2', 'H2', 'H2', 'L2', 'L2', 'L2', 'H2', 'H2']","['L1', 'H1', 'L1', 'H1', 'L1', 'H1', 'H1', 'L1', 'H1', 'L1', 'H1', 'H1', 'L1', 'L1', 'H1', 'L1', 'L1', 'L1', 'H1', 'H1', 'L1', 'H1', 'L1', 'H1']","['low', 'medium', 'medium', 'high', 'medium', 'high', 'medium', 'low']",7,"['T_B_S', 'T_Y_S', 'N_B_C', 'N_Y_C', 'T_B_C', 'T_Y_C', 'N_Y_S', 'N_B_S', 'T_Y_C', 'N_B_S', 'N_Y_C', 'N_Y_S', 'T_B_S', 'N_B_C', 'T_Y_S', 'T_B_C', 'T_B_S', 'N_B_C', 'N_Y_C', 'T_Y_S', 'T_B_C', 'T_Y_C', 'N_B_S', 'N_Y_S']",1,color,wing,tail,Y,B,N,T,S,C,Yes, Paws,5.0,No,,,Yes, Straight,4.0
002,"['Because its blue and a curly tail', 'Because its yellow, has a straight tail, and has wings', 'Because its blue and has a straight tail', 'because its blue, curly tail but has wings so not as much as before', 'because its yellow', 'because its yellow and has a straight tail', 'because its yellow, has wings and curly tail', 'because its blue, has wings and straight tail', 'because its blue, has wings and straight tail', 'because its yellow and has a straight tail, no wings', 'because its blue and has a curly tail', 'yellow, wings and curly tail', 'blue, wings, curly tail', 'yellow, wings and straight tail', 'yellow, no wings, curly tail', 'blue, straight tail', 'blue, wings, curly tail', 'yellow, straight tail', 'yellow, curly tail', 'yellow, wings, curly tail', 'yellow, wings, straight tail', 'blue, curly tail', 'blue straight tail', 'blue, wings, straight tail']",[],"[9.0, 5.0, 8.0, 6.0, 2.0, 4.0, 4.0, 7.0, 7.0, 5.0, 5.0, 2.0, 6.0, 5.0, 3.0, 4.0, 8.0, 2.0, 4.0, 6.0, 5.0, 6.0, 7.0, 6.0]",469.965,"['T_B_C', 'N_Y_S', 'T_Y_C', 'T_B_S', 'N_Y_C', 'N_B_C', 'T_Y_S', 'N_B_S']","[6.0, 4.0, 6.0, 7.0, 3.0, 7.0, 7.0, 8.0]","['medium', 'medium', 'high', 'medium', 'low', 'medium', 'low', 'high', 'high', 'medium', 'medium', 'low', 'medium', 'medium', 'low', 'high', 'medium', 'medium', 'low', 'low', 'medium', 'medium', 'high', 'high']","['L1', 'H1', 'H1', 'L1', 'L1', 'H1', 'L1', 'H1', 'H1', 'H1', 'L1', 'L1', 'L1', 'H1', 'L1', 'H1', 'L1', 'H1', 'L1', 'L1', 'H1', 'L1', 'H1', 'H1']","['I2', 'I1', 'I2', 'I1', 'I2', 'I2', 'I1', 'I1', 'I1', 'I2', 'I2', 'I1', 'I1', 'I1', 'I2', 'I2', 'I1', 'I2', 'I2', 'I1', 'I1', 'I2', 'I2', 'I1']","['H2', 'L2', 'H2', 'H2', 'L2', 'L2', 'L2', 'H2', 'H2', 'L2', 'H2', 'L2', 'H2', 'L2', 'L2', 'H2', 'H2', 'L2', 'L2', 'L2', 'L2', 'H2', 'H2', 'H2']","['medium', 'medium', 'low', 'high', 'low', 'medium', 'medium', 'high']",2,"['N_B_C', 'T_Y_S', 'N_B_S', 'T_B_C', 'N_Y_C', 'N_Y_S', 'T_Y_C', 'T_B_S', 'T_B_S', 'N_Y_S', 'N_B_C', 'T_Y_C', 'T_B_C', 'T_Y_S', 'N_Y_C', 'N_B_S', 'T_B_C', 'N_Y_S', 'N_Y_C', 'T_Y_C', 'T_Y_S', 'N_B_C', 'N_B_S', 'T_B_S']",0,tail,color,wing,B,Y,T,N,S,C,Yes,Wings,3.0,Yes,Blue,5.0,Yes,Curly,2.0
001,"['No idea', 'no wings?', 'curly tail is more', 'curly tail is more\xa0', 'not sure', 'blues eat 4?', 'blues eat 4?', 'curly tail eats more\xa0', 'curly tail eats more', 'yellow more than blue, curly tail more than non, wings more', 'curly tail more', 'curly tail more than straight', 'curly tail more\xa0', 'wings add a little', 'wings and curly tail add', 'yellow more than blue by a little\xa0', 'yellow more than blue, curly more than straight, yellow a bit more than blue, upright less', 'highest for position and tail and color, no wings\xa0', 'lowest you can get\xa0', 'wings, curly tail add', 'wings add blue striahgt tail and position take away', 'good for position and tail but color and no wings dont make it as high', 'color and position add', 'wings and color add\xa0']",[],"[6.0, 2.0, 8.0, 8.0, 4.0, 4.0, 4.0, 7.0, 7.0, 9.0, 8.0, 5.0, 6.0, 5.0, 3.0, 4.0, 7.0, 7.0, 3.0, 7.0, 6.0, 5.0, 6.0, 6.0]",486.4957,"['N_B_C', 'N_Y_C', 'T_Y_S', 'N_Y_S', 'N_B_S', 'T_B_C', 'T_Y_C', 'T_B_S']","[5.0, 6.0, 7.0, 4.0, 3.0, 6.0, 8.0, 5.0]","['medium', 'low', 'medium', 'high', 'low', 'medium', 'medium', 'high', 'high', 'high', 'medium', 'medium', 'medium', 'medium', 'low', 'low', 'high', 'medium', 'low', 'high', 'medium', 'medium', 'low', 'medium']","['L1', 'L1', 'H1', 'H1', 'L1', 'L1', 'H1', 'H1', 'H1', 'H1', 'H1', 'L1', 'H1', 'L1', 'L1', 'L1', 'H1', 'H1', 'L1', 'H1', 'L1', 'H1', 'L1', 'L1']","['H2', 'L2', 'L2', 'H2', 'L2', 'H2', 'L2', 'H2', 'H2', 'H2', 'L2', 'H2', 'L2', 'H2', 'L2', 'L2', 'H2', 'L2', 'L2', 'H2', 'H2', 'L2', 'L2', 'H2']","['I1', 'I1', 'I1', 'I1', 'I2', 'I2', 'I2', 'I2', 'I2', 'I1', 'I2', 'I1', 'I1', 'I2', 'I2', 'I1', 'I1', 'I1', 'I2', 'I2', 'I2', 'I2', 'I1', 'I1']","['medium', 'medium', 'medium', 'low', 'low', 'high', 'high', 'medium']",1,"['T_Y_S', 'N_Y_S', 'N_Y_C', 'T_Y_C', 'N_B_S', 'T_B_S', 'N_B_C', 'T_B_C', 'T_B_C', 'T_Y_C', 'N_B_C', 'T_Y_S', 'N_Y_C', 'T_B_S', 'N_B_S', 'N_Y_S', 'T_Y_C', 'N_Y_C', 'N_B_S', 'T_B_C', 'T_B_S', 'N_B_C', 'N_Y_S', 'T_Y_S']",1,tail,wing,color,Y,B,T,N,C,S,Yes,Wings,6.0,Yes, Yellow,3.0,Yes,Curly,4.0
010,"['it is yellow has paws and tail', 'it is blue with wings and no front paws', 'it is blue so it needs more. maybe front paws reduce need though', 'yellow makes it need less, wings make it need more', 'acceptable variance from the identical sperk that ate 6', 'acceptable variance from identical sperk', 'it was hungry', 'its twin ate same amount', 'its twin ate same amount', 'it was less hungry than its twin', 'its twin ate same amount', ""it wasn't\xa0 that hungry"", 'blue ones are hungrier', 'yellow ones less hungry', 'yellow ones less hungry', 'winged ones are a bit hungrier. yellow less hungry', 'blue winged ones are the hungriest\xa0', 'wings make them hungry', 'blue and wings', 'yellow paws', 'blue hungrier', ""yellow and maybe wasn't that hngry"", 'blue paws but straight tail means hungrier', 'straight tail means hungrier\xa0']","[""I didn't understand tail differentiation until about 3/4 of the way through. Started considering it / taking note of it too late in the game.""]","[2.0, 6.0, 5.0, 4.0, 3.0, 2.0, 4.0, 4.0, 4.0, 5.0, 6.0, 2.0, 8.0, 3.0, 3.0, 5.0, 9.0, 5.0, 5.0, 3.0, 5.0, 1.0, 9.0, 6.0]",1022.136,"['N_B_C', 'N_B_S', 'T_Y_S', 'N_Y_C', 'N_Y_S', 'T_B_S', 'T_Y_C', 'T_B_C']","[6.0, 8.0, 5.0, 3.0, 4.0, 9.0, 4.0, 8.0]","['low', 'high', 'high', 'low', 'medium', 'medium', 'medium', 'medium', 'medium', 'high', 'high', 'medium', 'medium', 'low', 'low', 'medium', 'high', 'medium', 'medium', 'low', 'medium', 'low', 'high', 'medium']","['L1', 'H1', 'H1', 'L1', 'L1', 'L1', 'H1', 'H1', 'H1', 'H1', 'H1', 'L1', 'L1', 'L1', 'L1', 'H1', 'H1', 'H1', 'L1', 'L1', 'L1', 'L1', 'H1', 'H1']","['I1', 'I2', 'I1', 'I2', 'I2', 'I1', 'I1', 'I2', 'I1', 'I2', 'I1', 'I1', 'I2', 'I2', 'I1', 'I2', 'I2', 'I2', 'I2', 'I1', 'I1', 'I2', 'I1', 'I1']","['L2', 'H2', 'H2', 'L2', 'H2', 'H2', 'L2', 'L2', 'L2', 'H2', 'H2', 'H2', 'H2', 'L2', 'L2', 'L2', 'H2', 'L2', 'H2', 'L2', 'H2', 'L2', 'H2', 'L2']","['medium', 'high', 'medium', 'low', 'medium', 'high', 'low', 'medium']",10,"['N_Y_C', 'T_B_S', 'N_B_S', 'T_Y_C', 'T_B_C', 'N_B_C', 'N_Y_S', 'T_Y_S', 'N_Y_S', 'T_B_S', 'N_B_S', 'N_B_C', 'T_B_C', 'T_Y_C', 'N_Y_C', 'T_Y_S', 'T_B_S', 'T_Y_S', 'T_B_C', 'N_Y_C', 'N_B_C', 'T_Y_C', 'N_B_S', 'N_Y_S']",1,tail,color,wing,B,Y,T,N,S,C,Yes,Wings,4.0,Yes,Blue,6.0,Yes, Straight,4.0
018,"[""He's blue"", ""He's yellow with paws"", ""He's yellow with wings"", ""He's blue"", ""He's blue with paws"", ""He's yellow"", 'He has wings', 'He has a curly tail', ""he's yellow with a curly tail"", 'He has paws', 'He has a straight tail', ""He's blue with a straight tail"", 'He has a curly tail', ""He's blue with a straight tail"", 'He has a straight tail', ""He's blue"", ""He's blue with a straight tail"", ""He's blue with a straight tail"", ""He's yellow with a straight tail"", ""He's yellow with a curly tail"", ""He's yellow with a straight tail"", ""He's blue with a curly tail"", ""He's blue with wings and a curly tail"", ""He's yellow with wings and a curly tail""]",[],"[7.0, 1.0, 2.0, 5.0, 9.0, 3.0, 6.0, 3.0, 1.0, 5.0, 7.0, 8.0, 4.0, 8.0, 7.0, 8.0, 9.0, 8.0, 5.0, 1.0, 5.0, 5.0, 4.0, 2.0]",319.5208,"['N_B_S', 'T_Y_C', 'N_Y_S', 'N_Y_C', 'T_B_C', 'T_B_S', 'N_B_C', 'T_Y_S']","[7.0, 3.0, 4.0, 2.0, 5.0, 6.0, 4.0, 4.0]","['high', 'low', 'low', 'medium', 'high', 'medium', 'medium', 'medium', 'low', 'low', 'medium', 'high', 'medium', 'high', 'medium', 'medium', 'high', 'high', 'medium', 'low', 'medium', 'medium', 'medium', 'low']","['H1', 'L1', 'L1', 'L1', 'H1', 'H1', 'H1', 'L1', 'L1', 'L1', 'H1', 'H1', 'L1', 'H1', 'H1', 'L1', 'H1', 'H1', 'H1', 'L1', 'H1', 'L1', 'L1', 'L1']","['I2', 'I1', 'I2', 'I1', 'I1', 'I1', 'I2', 'I2', 'I2', 'I1', 'I2', 'I2', 'I2', 'I1', 'I1', 'I1', 'I2', 'I1', 'I2', 'I1', 'I1', 'I1', 'I2', 'I2']","['H2', 'L2', 'L2', 'H2', 'H2', 'L2', 'L2', 'H2', 'L2', 'L2', 'L2', 'H2', 'H2', 'H2', 'L2', 'H2', 'H2', 'H2', 'L2', 'L2', 'L2', 'H2', 'H2', 'L2']","['high', 'low', 'medium', 'low', 'medium', 'high', 'medium', 'medium']",18,"['T_B_S', 'N_Y_C', 'T_Y_C', 'N_B_C', 'N_B_S', 'N_Y_S', 'T_Y_S', 'T_B_C', 'T_Y_C', 'N_Y_C', 'T_Y_S', 'T_B_S', 'T_B_C', 'N_B_S', 'N_Y_S', 'N_B_C', 'T_B_S', 'N_B_S', 'T_Y_S', 'N_Y_C', 'N_Y_S', 'N_B_C', 'T_B_C', 'T_Y_C']",1,tail,color,wing,B,Y,N,T,S,C,Yes, Paws,5.0,Yes,Blue,6.0,Yes, Straight,6.0
017,"['It is blue.', 'It has wings', 'It has a tail', 'It has a tail', 'It has wings', 'It is yellow with wings and a tail', 'It is blue with wings and a tail', 'It is yellow with a tail and paws', 'It is yellow with a tail', 'It is number 8', 'It is yellow with wings and a tail', 'It has a tail', 'It is blue with wings and a tail', ""It's blue with a curly tail"", ""It's blue with a straight tail"", ""It's yellow with wings and a curly tail"", 'It is yellow with a straight tail', 'It is blue with a straight tail', 'It is blue with a curly tail', 'It is yellow with wings and a straight tail', 'It is yellow with a curly tail and paws', 'It is blue with wings and a curly tail', 'It is yellow with a curly tail and wings', 'It is blue with wings and a straight tail']",[],"[1.0, 5.0, 1.0, 5.0, 7.0, 5.0, 7.0, 6.0, 3.0, 8.0, 7.0, 1.0, 7.0, 6.0, 2.0, 5.0, 4.0, 3.0, 5.0, 6.0, 4.0, 7.0, 4.0, 5.0]",531.337,"['N_B_C', 'T_Y_S', 'T_Y_C', 'T_B_S', 'T_B_C', 'N_Y_C', 'N_B_S', 'N_Y_S']","[4.0, 6.0, 5.0, 7.0, 8.0, 3.0, 2.0, 1.0]","['low', 'medium', 'low', 'medium', 'high', 'high', 'medium', 'medium', 'medium', 'high', 'medium', 'low', 'medium', 'medium', 'low', 'high', 'low', 'low', 'medium', 'medium', 'medium', 'high', 'high', 'medium']","['L1', 'L1', 'L1', 'H1', 'H1', 'H1', 'L1', 'H1', 'H1', 'H1', 'L1', 'L1', 'L1', 'H1', 'L1', 'H1', 'L1', 'L1', 'H1', 'L1', 'H1', 'H1', 'H1', 'L1']","['L2', 'H2', 'L2', 'L2', 'H2', 'H2', 'H2', 'L2', 'L2', 'H2', 'H2', 'L2', 'H2', 'L2', 'L2', 'H2', 'L2', 'L2', 'L2', 'H2', 'L2', 'H2', 'H2', 'H2']","['I2', 'I1', 'I1', 'I2', 'I2', 'I1', 'I2', 'I1', 'I1', 'I2', 'I1', 'I1', 'I2', 'I2', 'I2', 'I1', 'I1', 'I2', 'I2', 'I1', 'I1', 'I2', 'I1', 'I2']","['medium', 'medium', 'high', 'medium', 'high', 'medium', 'low', 'low']",17,"['N_B_S', 'T_Y_S', 'N_Y_S', 'N_B_C', 'T_B_C', 'T_Y_C', 'T_B_S', 'N_Y_C', 'N_Y_C', 'T_B_C', 'T_Y_S', 'N_Y_S', 'T_B_S', 'N_B_C', 'N_B_S', 'T_Y_C', 'N_Y_S', 'N_B_S', 'N_B_C', 'T_Y_S', 'N_Y_C', 'T_B_C', 'T_Y_C', 'T_B_S']",1,tail,wing,color,B,Y,T,N,C,S,Yes,Wings,5.0,Yes,Blue,3.0,Yes,Curly,5.0
020,"['Wings', 'Wings', 'Blue', 'Yellow without wings', 'Blue with wings increases food consumption', 'Wings increase food consumption', 'Blue, eats more than yellow but less than winged', 'Yellow - eats less than blue, less than wings', 'My whole thesis might be wrong', 'Blue', 'It was especially hungry, and blue', 'Yellow generally eats less than blue', 'Blue eats more', 'Yellow eats less', ""It wasn't very hungry today"", 'Maybe they eat random amounts', ""I thought I was seeing a pattern, but I'm not really sure now"", ""I'm not sure"", 'Usually Blues eat more', 'Wings usually eat more', ""Honestly, I'm not sure it matters"", 'I think all spergs eat the same - between 3 and 8, regardless of color, wings, tail', 'maybe the straight tail?', ""No, tail doesn't seem relevant""]",[],"[7.0, 8.0, 7.0, 3.0, 8.0, 6.0, 5.0, 4.0, 2.0, 5.0, 8.0, 4.0, 6.0, 3.0, 4.0, 7.0, 5.0, 4.0, 8.0, 7.0, 3.0, 3.0, 9.0, 5.0]",343.1595,"['T_B_S', 'T_Y_C', 'N_Y_C', 'T_B_C', 'N_B_S', 'N_Y_S', 'N_B_C', 'T_Y_S']","[7.0, 6.0, 3.0, 7.0, 5.0, 5.0, 4.0, 5.0]","['medium', 'medium', 'high', 'medium', 'high', 'low', 'medium', 'low', 'low', 'medium', 'high', 'medium', 'high', 'low', 'medium', 'medium', 'medium', 'medium', 'high', 'medium', 'medium', 'low', 'high', 'low']","['H2', 'L2', 'H2', 'H2', 'H2', 'L2', 'L2', 'L2', 'L2', 'L2', 'H2', 'H2', 'H2', 'L2', 'L2', 'H2', 'L2', 'H2', 'H2', 'H2', 'L2', 'L2', 'H2', 'L2']","['I1', 'I1', 'I2', 'I2', 'I1', 'I1', 'I2', 'I2', 'I1', 'I2', 'I2', 'I1', 'I1', 'I2', 'I1', 'I2', 'I1', 'I2', 'I2', 'I1', 'I2', 'I1', 'I1', 'I2']","['L1', 'H1', 'H1', 'L1', 'H1', 'L1', 'H1', 'L1', 'L1', 'H1', 'H1', 'L1', 'H1', 'L1', 'H1', 'L1', 'H1', 'L1', 'H1', 'L1', 'H1', 'L1', 'H1', 'L1']","['high', 'low', 'low', 'medium', 'high', 'medium', 'medium', 'medium']",20,"['T_Y_S', 'T_B_C', 'N_B_S', 'N_Y_S', 'T_B_S', 'T_Y_C', 'N_B_C', 'N_Y_C', 'T_Y_C', 'N_B_C', 'N_B_S', 'T_Y_S', 'T_B_S', 'N_Y_C', 'T_B_C', 'N_Y_S', 'T_B_C', 'N_Y_S', 'N_B_S', 'T_Y_S', 'N_B_C', 'T_Y_C', 'T_B_S', 'N_Y_C']",1,color,tail,wing,B,Y,T,N,S,C,Yes,Wings,2.0,Yes,Blue,2.0,No,,
006,"['I do not know at this point', 'The color blue', 'No wings', 'No wings and blue', 'yellow, no wings', 'straight tail, blue', 'yellow, wings, straight tail', 'blue, wings, curly tail', 'yellow, straight tail', 'yellow, wings, straight tail', 'blue, no wings, curly tail', 'yellow curly tail', 'blue, wings, straight tail', 'blue, straight tail', 'yellow, wings, curly tail', 'blue, wings, curly tail', 'blue, curly tail', 'blue, straight tail', 'blue, wings, straight tail', 'yellow curly tail, wings', 'yellow, wings, straight tail', 'blue, wings, curly tail', 'yellow, no wings, curly tail', 'yellow, straight tail']",[],"[5.0, 6.0, 3.0, 4.0, 4.0, 7.0, 8.0, 4.0, 4.0, 6.0, 6.0, 1.0, 8.0, 6.0, 6.0, 4.0, 2.0, 7.0, 5.0, 2.0, 6.0, 5.0, 4.0, 3.0]",406.4047,"['T_B_C', 'N_B_C', 'N_B_S', 'T_Y_C', 'T_B_S', 'T_Y_S', 'N_Y_S', 'N_Y_C']","[3.0, 4.0, 7.0, 2.0, 5.0, 3.0, 6.0, 4.0]","['low', 'high', 'low', 'medium', 'medium', 'high', 'medium', 'medium', 'medium', 'medium', 'medium', 'low', 'high', 'high', 'low', 'medium', 'medium', 'high', 'high', 'low', 'medium', 'medium', 'low', 'medium']","['L2', 'H2', 'L2', 'L2', 'H2', 'H2', 'H2', 'L2', 'H2', 'H2', 'L2', 'L2', 'H2', 'H2', 'L2', 'L2', 'L2', 'H2', 'H2', 'L2', 'H2', 'L2', 'L2', 'H2']","['I2', 'I2', 'I1', 'I1', 'I1', 'I1', 'I2', 'I2', 'I1', 'I2', 'I1', 'I1', 'I2', 'I1', 'I2', 'I2', 'I1', 'I1', 'I2', 'I2', 'I2', 'I2', 'I1', 'I1']","['L1', 'H1', 'L1', 'H1', 'L1', 'H1', 'L1', 'H1', 'L1', 'L1', 'H1', 'L1', 'H1', 'H1', 'L1', 'H1', 'H1', 'H1', 'H1', 'L1', 'L1', 'H1', 'L1', 'L1']","['medium', 'medium', 'high', 'low', 'high', 'medium', 'medium', 'low']",6,"['T_Y_C', 'T_B_S', 'N_Y_C', 'N_B_C', 'N_Y_S', 'N_B_S', 'T_Y_S', 'T_B_C', 'N_Y_S', 'T_Y_S', 'N_B_C', 'N_Y_C', 'T_B_S', 'N_B_S', 'T_Y_C', 'T_B_C', 'N_B_C', 'N_B_S', 'T_B_S', 'T_Y_C', 'T_Y_S', 'T_B_C', 'N_Y_C', 'N_Y_S']",1,color,tail,wing,B,Y,T,N,S,C,Yes,Wings,1.0,Yes,Blue,1.0,Yes, Straight,2.0
019,"['No idea. Maybe because it has four paws?', 'Maybe because it has wings', ""Maybe because it's yellow and has wings?"", 'Because it has a curly tail', 'Because it has a curled tail and wings', 'Because its tail is straight', ""Because it's yellow"", 'Because it has a curly tail', 'Because of its tail and color', 'Because of its wings and color', 'Because of its tail', 'Its tail is straight', 'It is yellow and its tail is straight', 'It is yellow and its tail is straight', 'It is blue and its tail is straight', 'It is yellow and its tail is curled', 'It is yellow and its tail is curled (and also it is a gluttonous little beast, good lord)', 'It is blue and its tail is curled', 'It is blue, pawed, and its tail is straight', 'it is blue, pawed, and its tail is curly', 'it is blue, winged, and has a straight tail', 'it is pawed, yellow, and has a straight tail', 'it is yellow, winged, and has a curled tail (and was not particularly hungry at the moment)', 'it is yellow, winged, and has a straight tail']",[],"[4.0, 2.0, 4.0, 6.0, 7.0, 3.0, 7.0, 6.0, 5.0, 3.0, 5.0, 3.0, 5.0, 5.0, 3.0, 8.0, 9.0, 3.0, 4.0, 7.0, 2.0, 5.0, 4.0, 6.0]",658.5589,"['T_Y_S', 'N_Y_C', 'T_B_C', 'N_B_C', 'N_Y_S', 'N_B_S', 'T_B_S', 'T_Y_C']","[5.0, 8.0, 2.0, 7.0, 6.0, 5.0, 3.0, 7.0]","['medium', 'low', 'medium', 'medium', 'medium', 'low', 'high', 'high', 'medium', 'low', 'medium', 'low', 'medium', 'high', 'medium', 'high', 'high', 'low', 'medium', 'medium', 'low', 'high', 'medium', 'medium']","['I2', 'I1', 'I2', 'I1', 'I1', 'I2', 'I2', 'I1', 'I1', 'I1', 'I1', 'I2', 'I2', 'I2', 'I2', 'I1', 'I1', 'I1', 'I2', 'I1', 'I2', 'I2', 'I1', 'I2']","['H1', 'L1', 'L1', 'H1', 'L1', 'L1', 'H1', 'H1', 'L1', 'L1', 'H1', 'L1', 'L1', 'H1', 'H1', 'H1', 'H1', 'L1', 'H1', 'H1', 'L1', 'H1', 'L1', 'L1']","['L2', 'L2', 'H2', 'L2', 'H2', 'L2', 'H2', 'H2', 'H2', 'L2', 'L2', 'L2', 'H2', 'H2', 'L2', 'H2', 'H2', 'L2', 'L2', 'L2', 'L2', 'H2', 'H2', 'H2']","['medium', 'high', 'low', 'medium', 'high', 'medium', 'low', 'medium']",19,"['N_B_S', 'T_B_C', 'T_Y_S', 'N_B_C', 'T_Y_C', 'T_B_S', 'N_Y_S', 'N_Y_C', 'T_Y_C', 'T_B_C', 'N_B_C', 'T_B_S', 'T_Y_S', 'N_Y_S', 'N_B_S', 'N_Y_C', 'N_Y_C', 'T_B_C', 'N_B_S', 'N_B_C', 'T_B_S', 'N_Y_S', 'T_Y_C', 'T_Y_S']",1,wing,color,tail,Y,B,N,T,C,S,Yes, Paws,3.0,Yes, Yellow,5.0,Yes,Curly,6.0
016,"['he is very hungry', 'he was starving', 'hungry', 'hungry', 'he wanted a snak', 'hungry', 'hungry', 'snack', 'starving', 'very hungry', 'hungry', 'hungry', 'snack', 'snack', 'snack', 'hungry', 'snack', 'hungry', 'very hungry', 'very hungry', 'hungry', 'snack', 'hungry', 'very hungry']",[],"[5.0, 7.0, 5.0, 5.0, 4.0, 5.0, 5.0, 2.0, 7.0, 10.0, 6.0, 5.0, 4.0, 3.0, 3.0, 5.0, 3.0, 5.0, 7.0, 8.0, 6.0, 3.0, 5.0, 7.0]",342.9065,"['N_B_S', 'N_B_C', 'T_B_S', 'T_Y_C', 'T_B_C', 'T_Y_S', 'N_Y_C', 'N_Y_S']","[6.0, 5.0, 7.0, 5.0, 7.0, 5.0, 4.0, 4.0]","['low', 'high', 'medium', 'medium', 'medium', 'high', 'medium', 'low', 'high', 'high', 'medium', 'medium', 'low', 'low', 'medium', 'medium', 'low', 'medium', 'medium', 'high', 'medium', 'medium', 'low', 'high']","['L2', 'H2', 'H2', 'L2', 'L2', 'H2', 'H2', 'L2', 'H2', 'H2', 'H2', 'L2', 'L2', 'L2', 'L2', 'H2', 'L2', 'H2', 'L2', 'H2', 'H2', 'L2', 'L2', 'H2']","['I2', 'I2', 'I2', 'I2', 'I1', 'I1', 'I1', 'I1', 'I1', 'I2', 'I1', 'I1', 'I2', 'I1', 'I2', 'I2', 'I1', 'I2', 'I2', 'I1', 'I1', 'I1', 'I2', 'I2']","['L1', 'H1', 'L1', 'H1', 'H1', 'H1', 'L1', 'L1', 'H1', 'H1', 'L1', 'H1', 'L1', 'L1', 'H1', 'L1', 'L1', 'L1', 'H1', 'H1', 'L1', 'H1', 'L1', 'H1']","['high', 'medium', 'high', 'low', 'medium', 'medium', 'low', 'medium']",16,"['T_Y_C', 'T_B_S', 'T_Y_S', 'T_B_C', 'N_B_C', 'N_B_S', 'N_Y_S', 'N_Y_C', 'N_B_S', 'T_B_S', 'N_Y_S', 'N_B_C', 'T_Y_C', 'N_Y_C', 'T_B_C', 'T_Y_S', 'N_Y_C', 'T_Y_S', 'T_B_C', 'N_B_S', 'N_Y_S', 'N_B_C', 'T_Y_C', 'T_B_S']",1,color,tail,wing,B,Y,T,N,S,C,No,,,Yes,Blue,5.0,No,,
004,"['It was all be needed.', ""Because he doesn't have wings."", 'He was extra hungry.', ""It's the normal amount."", ""It's normal."", ""He wasn't very hungry."", ""It's normal for him."", ""It's the average amount."", ""It's normal."", ""Usually it would be five so maybe he didn't eat much yesterday."", 'He was feeling extra hungry.', ""It seems 5 would be normal so I'm not sure."", 'I feel he should have eaten more.', 'It is his usual amount.', 'It is more than usual.', 'It is his usual amount.', 'Walking makes him hungrier.', 'That might be normal for him.', ""That's his normal amount."", ""Usually he eats more so maybe he's sick."", 'That is the average amount.', 'He ate a little more than usual.', ""That's about normal."", 'He overdid it today.']",['I never noticed the tails were different until the final picture where they were shown together even though I was told that their tails mattered.'],"[3.0, 6.0, 5.0, 5.0, 5.0, 3.0, 3.0, 3.0, 5.0, 8.0, 6.0, 7.0, 4.0, 5.0, 6.0, 3.0, 8.0, 4.0, 5.0, 1.0, 5.0, 5.0, 4.0, 6.0]",900.0528,"['N_B_S', 'N_B_C', 'T_B_S', 'T_Y_S', 'T_Y_C', 'N_Y_C', 'N_Y_S', 'T_B_C']","[5.0, 5.0, 3.0, 5.0, 3.0, 5.0, 5.0, 6.0]","['high', 'medium', 'medium', 'high', 'low', 'medium', 'low', 'medium', 'medium', 'high', 'medium', 'low', 'low', 'medium', 'high', 'medium', 'high', 'low', 'medium', 'low', 'medium', 'high', 'medium', 'medium']","['H1', 'L1', 'L1', 'H1', 'L1', 'H1', 'L1', 'H1', 'H1', 'H1', 'H1', 'L1', 'L1', 'L1', 'H1', 'L1', 'H1', 'L1', 'L1', 'L1', 'H1', 'H1', 'H1', 'L1']","['I1', 'I2', 'I1', 'I2', 'I1', 'I2', 'I2', 'I1', 'I2', 'I2', 'I1', 'I1', 'I2', 'I2', 'I1', 'I1', 'I2', 'I2', 'I2', 'I1', 'I2', 'I1', 'I1', 'I1']","['H2', 'H2', 'H2', 'H2', 'L2', 'L2', 'L2', 'L2', 'L2', 'H2', 'L2', 'L2', 'L2', 'H2', 'H2', 'H2', 'H2', 'L2', 'H2', 'L2', 'L2', 'H2', 'L2', 'H2']","['high', 'medium', 'high', 'medium', 'low', 'low', 'medium', 'medium']",4,"['T_B_S', 'N_B_C', 'T_B_C', 'N_B_S', 'T_Y_C', 'N_Y_S', 'N_Y_C', 'T_Y_S', 'N_Y_S', 'N_B_S', 'T_Y_S', 'T_Y_C', 'N_Y_C', 'N_B_C', 'T_B_S', 'T_B_C', 'N_B_S', 'N_Y_C', 'N_B_C', 'T_Y_C', 'N_Y_S', 'T_B_S', 'T_Y_S', 'T_B_C']",0,tail,color,wing,B,Y,N,T,S,C,Yes,Wings,4.0,Yes, Yellow,3.0,Yes, Straight,4.0
013,"['That is what it took to susain the sperk on this particular day.\xa0', 'This sperk has wings. Flying uses more fuel than not flying.\xa0', 'So far this amount seems typical for a wingless sperk.\xa0', 'Thus far it seems like a typical mount for a winged sperk.\xa0', 'A straight-tailed, four-pawed sperk eats 3 units in a typical day.', 'A winged sperk eats 6 units in a typical day.\xa0', 'This sperk needed more fuel than is typical on this day.\xa0', ""This sperk rested more and didn't burn as much fuel so the requirement decreased."", 'This sperk was more active sos required more food on this day.\xa0', 'This sperk was less active today and required less food.\xa0', 'Perhaps this sperk was more active than on a typical day and required more fuel.\xa0', 'That is a typical amount for a winged sperk.\xa0', 'This sperk was twice as hungry as it is on a typical day.\xa0', 'This sperk was hungrier today than on a typical day.\xa0', 'This sperk was hungrier today than on an average day.\xa0', 'This sperk was less hungry than normal.\xa0', 'This is a typical amount for a four-pawed, non-winged, straight tailed sperk.\xa0', 'It was less active and required less food.\xa0', 'Curly-tailed, winged sperks tend to eat slighly more than starigh-tailed, winged sperks.\xa0', 'On a typical day a straight-tailed, winged, blue sperk consumes four units.\xa0', 'Curly-tailed sperks eat more than straight-tailed sperks.\xa0', 'Curly-tailed sperks eat more than straight-tailed sperks.\xa0', 'Blue sperks eat more than yellow sperks.', 'This is s typical amount for a straight-tailed, non-winged, four pawed sperk.']",['The first screen that appeared to be a file downloading was somewhat off-putting. If something has to be downloaded it should be disclosed. I am unclear if something was actually downloaded.\xa0'],"[3.0, 8.0, 3.0, 6.0, 3.0, 6.0, 8.0, 2.0, 4.0, 5.0, 5.0, 6.0, 6.0, 4.0, 8.0, 4.0, 3.0, 4.0, 8.0, 4.0, 6.0, 6.0, 7.0, 3.0]",720.1384,"['T_Y_S', 'T_B_C', 'N_B_C', 'N_B_S', 'N_Y_C', 'T_Y_C', 'T_B_S', 'N_Y_S']","[7.0, 8.0, 5.0, 3.0, 4.0, 8.0, 7.0, 3.0]","['low', 'high', 'medium', 'medium', 'low', 'high', 'medium', 'medium', 'low', 'medium', 'medium', 'medium', 'medium', 'low', 'high', 'high', 'low', 'medium', 'high', 'medium', 'medium', 'medium', 'high', 'low']","['L1', 'H1', 'H1', 'L1', 'L1', 'H1', 'L1', 'H1', 'L1', 'L1', 'H1', 'L1', 'H1', 'L1', 'H1', 'H1', 'L1', 'L1', 'H1', 'L1', 'H1', 'H1', 'H1', 'L1']","['L2', 'H2', 'L2', 'H2', 'L2', 'H2', 'H2', 'L2', 'L2', 'H2', 'L2', 'H2', 'L2', 'L2', 'H2', 'H2', 'L2', 'H2', 'H2', 'H2', 'L2', 'L2', 'H2', 'L2']","['I1', 'I1', 'I1', 'I1', 'I2', 'I2', 'I2', 'I2', 'I2', 'I2', 'I2', 'I1', 'I1', 'I1', 'I1', 'I2', 'I1', 'I1', 'I1', 'I2', 'I2', 'I1', 'I2', 'I2']","['medium', 'high', 'medium', 'low', 'medium', 'high', 'medium', 'low']",13,"['N_Y_S', 'T_Y_C', 'N_Y_C', 'T_Y_S', 'N_B_S', 'T_B_C', 'T_B_S', 'N_B_C', 'N_B_S', 'T_B_S', 'N_B_C', 'T_Y_S', 'N_Y_C', 'N_Y_S', 'T_Y_C', 'T_B_C', 'N_Y_S', 'T_Y_S', 'T_Y_C', 'T_B_S', 'N_B_C', 'N_Y_C', 'T_B_C', 'N_B_S']",1,tail,wing,color,Y,B,T,N,C,S,Yes,Wings,5.0,Yes,Blue,2.0,Yes,Curly,2.0
012,"['Sperks with wings eat 8', 'sperks with no wings eat 7', 'blue sperks with wings eat 4', 'Blue sperks with wings eat a random amount', 'yellow sperks with no wings eat a random amount', 'blue sperks without wings eat a random amount', ""It's random, he eats a variety of amounts"", 'this sperk was hungry and eatys a random amount', ""It's random"", 'A random amount, he eats a variety', ""It's a random amount"", ""It's random"", ""It's random, he eats a variety"", 'His wings', 'No wings', 'wings eat more', 'wings', 'wings eat more', 'no wings eats less', 'yellowness eats less', 'random', 'no wings eats less', 'no wings eats less', 'wings eats more']",[],"[8.0, 7.0, 4.0, 9.0, 3.0, 5.0, 3.0, 9.0, 3.0, 5.0, 3.0, 7.0, 5.0, 4.0, 5.0, 9.0, 5.0, 6.0, 4.0, 4.0, 6.0, 2.0, 3.0, 6.0]",378.4398,"['T_B_C', 'T_Y_S', 'N_B_S', 'T_B_S', 'N_Y_C', 'T_Y_C', 'N_B_C', 'N_Y_S']","[8.0, 7.0, 3.0, 8.0, 4.0, 8.0, 4.0, 3.0]","['medium', 'medium', 'medium', 'high', 'low', 'medium', 'low', 'high', 'low', 'medium', 'low', 'high', 'medium', 'medium', 'medium', 'high', 'medium', 'medium', 'high', 'low', 'medium', 'low', 'medium', 'high']","['H1', 'H1', 'L1', 'H1', 'L1', 'L1', 'L1', 'H1', 'L1', 'H1', 'L1', 'H1', 'H1', 'L1', 'L1', 'H1', 'H1', 'L1', 'H1', 'L1', 'H1', 'L1', 'L1', 'H1']","['I1', 'I2', 'I1', 'I1', 'I2', 'I2', 'I1', 'I2', 'I1', 'I1', 'I2', 'I2', 'I2', 'I1', 'I2', 'I1', 'I1', 'I1', 'I2', 'I1', 'I2', 'I2', 'I2', 'I1']","['L2', 'L2', 'H2', 'H2', 'L2', 'H2', 'L2', 'H2', 'L2', 'L2', 'L2', 'H2', 'L2', 'H2', 'H2', 'H2', 'L2', 'H2', 'H2', 'L2', 'L2', 'L2', 'H2', 'H2']","['medium', 'medium', 'high', 'high', 'low', 'low', 'medium', 'medium']",12,"['T_Y_S', 'N_Y_S', 'T_B_C', 'T_B_S', 'N_Y_C', 'N_B_C', 'T_Y_C', 'N_B_S', 'T_Y_C', 'T_Y_S', 'N_Y_C', 'N_B_S', 'N_Y_S', 'T_B_C', 'N_B_C', 'T_B_S', 'T_Y_S', 'T_B_C', 'N_B_S', 'T_Y_C', 'N_Y_S', 'N_Y_C', 'N_B_C', 'T_B_S']",1,tail,color,wing,B,Y,T,N,S,C,No,,,No,,,No,,
009,"['yellows eat 7', 'blues eat 8', 'tailed blues eat 5', 'yellow winged eats 5', 'wings mean more food', 'no wings, low amount', 'no wings, low amount', 'yellow eats a bit more than blue', 'no wings, yellow', 'wings and yellow, 6 is above average', 'this is surprising, maybe color does not affect anything, no wings', 'wings need more', 'this is the lowest ive seen. no wings. yellow may not matter', 'this is a lot more than the no wing version', 'a fairly low amount, normal for no wings', 'maybe this is the lowest possible for a winged', 'low, no wings', 'curly tail may need more', 'straight, low amount, no wings', 'lowest seen yet, yellow, no wings, straight', 'seems a bit high for straight, but wings mean more', 'curly contributes to hunger', 'curly and wings, and a high amount', 'wings and straight, only a little above average']",[],"[7.0, 8.0, 5.0, 5.0, 8.0, 4.0, 3.0, 5.0, 4.0, 6.0, 5.0, 7.0, 2.0, 7.0, 4.0, 5.0, 4.0, 7.0, 4.0, 1.0, 6.0, 6.0, 8.0, 6.0]",366.714,"['T_Y_S', 'T_B_C', 'T_Y_C', 'N_B_S', 'N_B_C', 'N_Y_S', 'T_B_S', 'N_Y_C']","[6.0, 7.0, 7.0, 2.0, 6.0, 2.0, 6.0, 3.0]","['medium', 'medium', 'low', 'medium', 'high', 'medium', 'low', 'high', 'medium', 'high', 'medium', 'high', 'low', 'medium', 'low', 'medium', 'medium', 'high', 'low', 'low', 'medium', 'medium', 'high', 'medium']","['H1', 'L1', 'L1', 'L1', 'H1', 'H1', 'L1', 'H1', 'H1', 'H1', 'H1', 'H1', 'L1', 'L1', 'L1', 'L1', 'H1', 'H1', 'L1', 'L1', 'L1', 'H1', 'H1', 'L1']","['L2', 'H2', 'L2', 'H2', 'H2', 'L2', 'L2', 'H2', 'L2', 'H2', 'L2', 'H2', 'L2', 'H2', 'L2', 'H2', 'L2', 'H2', 'L2', 'L2', 'H2', 'L2', 'H2', 'H2']","['I2', 'I1', 'I1', 'I2', 'I1', 'I1', 'I2', 'I2', 'I2', 'I2', 'I1', 'I1', 'I2', 'I2', 'I1', 'I1', 'I1', 'I2', 'I1', 'I2', 'I1', 'I2', 'I1', 'I2']","['medium', 'high', 'high', 'low', 'medium', 'low', 'medium', 'medium']",9,"['N_Y_C', 'T_B_S', 'N_B_S', 'T_Y_S', 'T_B_C', 'N_B_C', 'N_Y_S', 'T_Y_C', 'N_Y_C', 'T_Y_C', 'N_B_C', 'T_B_C', 'N_Y_S', 'T_Y_S', 'N_B_S', 'T_B_S', 'N_B_C', 'T_Y_C', 'N_B_S', 'N_Y_S', 'T_B_S', 'N_Y_C', 'T_B_C', 'T_Y_S']",1,tail,wing,color,B,Y,T,N,C,S,Yes,Wings,3.0,No,,,Yes,Curly,2.0
005,"['Because he has wings', 'Because he is yellow', 'because he has wings', 'because he has paws', 'because he has wings and a curly tail', 'because he is yellow with a curly tail', 'because he has paws and a straight tail', 'blue and curly tail', 'because he has a straight tail', 'because he has a straight tail', 'because he has a curly tail', 'because he has a curly tail', 'because he has a curly tail', 'because he has a straight tail', 'because he has a curly tail', 'because he has a straight tail', 'because he has a curly tail', 'because he has a straight tail', 'because he has a curly tail', 'because he has a straight tail', 'because he has a straight tail', 'because he has a curly tail', 'because he has a curly tail', 'because he has a straight tail']",[],"[4.0, 6.0, 4.0, 2.0, 6.0, 5.0, 1.0, 9.0, 4.0, 3.0, 7.0, 8.0, 6.0, 3.0, 10.0, 5.0, 8.0, 4.0, 6.0, 3.0, 5.0, 9.0, 6.0, 5.0]",287.1379,"['N_Y_C', 'T_B_C', 'N_Y_S', 'T_B_S', 'N_B_S', 'T_Y_C', 'T_Y_S', 'N_B_C']","[7.0, 7.0, 3.0, 3.0, 3.0, 7.0, 3.0, 7.0]","['medium', 'high', 'medium', 'low', 'high', 'medium', 'low', 'medium', 'low', 'low', 'medium', 'medium', 'high', 'medium', 'high', 'medium', 'high', 'medium', 'medium', 'low', 'low', 'high', 'medium', 'medium']","['L2', 'H2', 'L2', 'L2', 'H2', 'H2', 'L2', 'H2', 'L2', 'L2', 'H2', 'H2', 'H2', 'L2', 'H2', 'L2', 'H2', 'L2', 'H2', 'L2', 'L2', 'H2', 'H2', 'L2']","['H1', 'H1', 'H1', 'L1', 'H1', 'L1', 'L1', 'L1', 'L1', 'L1', 'L1', 'L1', 'H1', 'H1', 'H1', 'H1', 'H1', 'H1', 'L1', 'L1', 'L1', 'H1', 'L1', 'H1']","['I2', 'I1', 'I1', 'I2', 'I2', 'I1', 'I1', 'I2', 'I1', 'I2', 'I1', 'I2', 'I1', 'I1', 'I2', 'I2', 'I1', 'I2', 'I1', 'I1', 'I2', 'I2', 'I2', 'I1']","['medium', 'high', 'low', 'medium', 'low', 'high', 'medium', 'medium']",5,"['T_B_S', 'T_Y_C', 'T_Y_S', 'N_B_S', 'T_B_C', 'N_Y_C', 'N_Y_S', 'N_B_C', 'N_Y_S', 'N_B_S', 'N_Y_C', 'N_B_C', 'T_Y_C', 'T_Y_S', 'T_B_C', 'T_B_S', 'T_Y_C', 'T_B_S', 'N_Y_C', 'N_Y_S', 'N_B_S', 'T_B_C', 'N_B_C', 'T_Y_S']",1,wing,tail,color,B,Y,T,N,C,S,No,,,No,,,Yes,Curly,7.0
015,"['It has a straight tail', 'It has a curly tail', 'It is yellow', 'It is yellow with a curly tail', 'It has wings', 'It has a straight tail', 'It has wings with a straight tail', 'It has a curly tail and paws', 'It has a straight tail', 'It has a straight tail', 'It has a straight tail', 'It has paws and a curly tail', 'It has wings', 'It has paws and a curly tail', 'It has wings and a curly tail', 'It has a straight tail', 'It has a straight tail', 'It has wings', 'It has a curly tail and paws', 'It has a curly tail and paws', 'It has wings', 'It has a straight tail and paws', 'It has wings', 'It has wings and a straight tail']",[],"[6.0, 5.0, 4.0, 8.0, 2.0, 4.0, 4.0, 5.0, 8.0, 6.0, 6.0, 5.0, 1.0, 8.0, 3.0, 6.0, 7.0, 3.0, 6.0, 8.0, 1.0, 7.0, 2.0, 5.0]",178.9865,"['N_B_S', 'T_Y_C', 'N_Y_C', 'T_Y_S', 'T_B_S', 'N_B_C', 'N_Y_S', 'T_B_C']","[7.0, 5.0, 5.0, 3.0, 3.0, 6.0, 7.0, 5.0]","['medium', 'medium', 'high', 'high', 'low', 'low', 'medium', 'medium', 'high', 'low', 'medium', 'medium', 'low', 'high', 'medium', 'medium', 'high', 'low', 'medium', 'high', 'low', 'medium', 'medium', 'medium']","['I1', 'I2', 'I1', 'I2', 'I2', 'I1', 'I1', 'I2', 'I1', 'I1', 'I1', 'I2', 'I2', 'I2', 'I2', 'I1', 'I1', 'I1', 'I2', 'I2', 'I2', 'I1', 'I2', 'I1']","['H1', 'L1', 'H1', 'H1', 'L1', 'L1', 'L1', 'H1', 'H1', 'L1', 'H1', 'H1', 'L1', 'H1', 'L1', 'L1', 'H1', 'L1', 'H1', 'H1', 'L1', 'H1', 'L1', 'L1']","['L2', 'H2', 'H2', 'H2', 'L2', 'L2', 'H2', 'L2', 'H2', 'L2', 'L2', 'L2', 'L2', 'H2', 'H2', 'H2', 'H2', 'L2', 'L2', 'H2', 'L2', 'L2', 'H2', 'H2']","['medium', 'medium', 'high', 'medium', 'low', 'medium', 'high', 'low']",15,"['N_B_S', 'T_Y_C', 'N_Y_S', 'N_Y_C', 'T_B_C', 'T_B_S', 'T_Y_S', 'N_B_C', 'N_Y_S', 'T_B_S', 'N_B_S', 'N_B_C', 'T_B_C', 'N_Y_C', 'T_Y_C', 'T_Y_S', 'N_Y_S', 'T_B_S', 'N_B_C', 'N_Y_C', 'T_B_C', 'N_B_S', 'T_Y_C', 'T_Y_S']",1,wing,color,tail,Y,B,N,T,S,C,Yes, Paws,5.0,No,,,Yes, Straight,5.0
