StartDate,EndDate,Status,IPAddress,Progress,Duration (in seconds),Finished,RecordedDate,ResponseId,RecipientLastName,RecipientFirstName,RecipientEmail,ExternalReference,LocationLatitude,LocationLongitude,DistributionChannel,UserLanguage,Q_RecaptchaScore,Q4,Q8,penv-plant_1,pcolor-plant_1,renv-plant_1,rcolor-plant_1,fenv-plant,fenvnone-plant,fcolor-plant,fcolornone-plant,pshape-robot_1,pant-robot_1,rshape-robot_1,rant-robot_1,fshape-robot,fshapenone-robot,fant-robot,fsantnone-robot,pcolor-reptile_1,pclaw-reptile_1,rcolor-reptile_1,rclaw-reptile_1,fclaw-reptile,fclawnone-reptile,fcolor-reptile,fcolornone-reptile,pspot-egg_1,pshape-egg_1,rspot-egg_1,rshape-egg_1,fspot-egg,fspotnone-egg,fshape-egg,fshapenone-egg,PROLIFIC_PID
Start Date,End Date,Response Type,IP Address,Progress,Duration (in seconds),Finished,Recorded Date,Response ID,Recipient Last Name,Recipient First Name,Recipient Email,External Data Reference,Location Latitude,Location Longitude,Distribution Channel,User Language,Q_RecaptchaScore,Do you consent?,"What is your Prolific ID? (This should be autofilled from prolific, if not, please enter it below)",Do you think it’s plausible that how much fertilizer a Lumiflora needs depends on which environment it lives in? - Move Slider Below,Do you think it’s plausible that how much fertilizer a Lumiflora needs depends on its color? - Move Slider Below,"If there is a relationship between the environment and how much fertilizer a Lumiflora needs, which environment would require MORE fertilizer? - Move Slider Below","If there is a relationship between color and how much fertilizer a Lumiflora needs, which color would require MORE fertilizer? - Move Slider Below",Suppose that Lumifloras living in each environment do need a different amount of fertilizer. Can you come up with an explanation for WHY the environment might relate to the amount of fertilizer? Please do your best to generate an explanation in 2-3 sentences.,Check below if you can't come up with anything,Suppose that Lumifloras with different colors do need a different amount of fertilizer. Can you come up with an explanation for WHY color might relate to the amount of fertilizer? Please do your best to generate an explanation in 2-3 sentences.,Check below if you can't come up with anything,Do you think it’s plausible that Glorp navigational skill depends on their body shape? - Move Slider Below,Do you think it’s plausible that Glorp navigational skill depends on what kind of antenna(s) they have? - Move Slider Below,"If there is a relationship between navigational skill and shape, which shape would result in GREATER navigational skill? - Move Slider Below","If there is a relationship between navigational skill and antennas, which kind of antenna would result in GREATER navigational skill? - Move Slider Below",Suppose that there is a relationship between shape and navigational skill. Can you come up with an explanation for WHY shape might relate to navigational skill? Please do your best to generate an explanation in 2-3 sentences.,Check below if you can't come up with anything,Suppose that there is a relationship between antenna(s) and navigational skill. Can you come up with an explanation for WHY antennas might relate to navigational skill? Please do your best to generate an explanation in 2-3 sentences.,Check below if you can't come up with anything,Do you think it’s plausible that reptile fertility depends on their color? - Move Slider Below,Do you think it’s plausible that reptile fertility depends on the shape of their claws? - Move Slider Below,"If there is a relationship between color and fertility score, which color would result in GREATER fertility score? - Move Slider Below","If there is a relationship between claw shape and fertility score, which shape would result in GREATER fertility score? - Move Slider Below",Suppose that reptiles with different claw shapes do have different fertility scores. Can you come up with an explanation for WHY claw shape might relate to fertility? Please do your best to generate an explanation in 2–3 sentences.,Check below if you can't come up with anything,Suppose that reptiles with different colors do have different fertility scores. Can you come up with an explanation for WHY color might relate to fertility? Please do your best to generate an explanation in 2–3 sentences.,Check below if you can't come up with anything,Do you think it’s plausible that hatch rate depends on whether the egg has colored spots? - Move Slider Below,Do you think it’s plausible that hatch rate depends on whether the egg is elongated or round? - Move Slider Below,"If there is a relationship between spots and hatch rate, which direction of that feature would be associated with a GREATER hatch rate - Move Slider Below","If there is a relationship between egg shape (elongated vs. round) and hatch rate, which dimension would be associated with a GREATER hatch rate? - Move Slider Below",Suppose that eggs with and without spots do have different hatch rates. Can you come up with an explanation for WHY spots might relate to hatch rate? Please do your best to generate an explanation in 2–3 sentences.,Check below if you can't come up with anything,Suppose that reptiles with different colors do have different fertility scores. Can you come up with an explanation for WHY color might relate to fertility? Please do your best to generate an explanation in 2–3 sentences.,Check below if you can't come up with anything,PROLIFIC_PID
"{""ImportId"":""startDate"",""timeZone"":""America/Denver""}","{""ImportId"":""endDate"",""timeZone"":""America/Denver""}","{""ImportId"":""status""}","{""ImportId"":""ipAddress""}","{""ImportId"":""progress""}","{""ImportId"":""duration""}","{""ImportId"":""finished""}","{""ImportId"":""recordedDate"",""timeZone"":""America/Denver""}","{""ImportId"":""_recordId""}","{""ImportId"":""recipientLastName""}","{""ImportId"":""recipientFirstName""}","{""ImportId"":""recipientEmail""}","{""ImportId"":""externalDataReference""}","{""ImportId"":""locationLatitude""}","{""ImportId"":""locationLongitude""}","{""ImportId"":""distributionChannel""}","{""ImportId"":""userLanguage""}","{""ImportId"":""Q_RecaptchaScore""}","{""ImportId"":""QID5""}","{""ImportId"":""QID9_TEXT""}","{""ImportId"":""QID14_1""}","{""ImportId"":""QID19_1""}","{""ImportId"":""QID15_1""}","{""ImportId"":""QID20_1""}","{""ImportId"":""QID16_TEXT""}","{""ImportId"":""QID30""}","{""ImportId"":""QID29_TEXT""}","{""ImportId"":""QID31""}","{""ImportId"":""QID36_1""}","{""ImportId"":""QID37_1""}","{""ImportId"":""QID38_1""}","{""ImportId"":""QID39_1""}","{""ImportId"":""QID42_TEXT""}","{""ImportId"":""QID43""}","{""ImportId"":""QID44_TEXT""}","{""ImportId"":""QID45""}","{""ImportId"":""QID48_1""}","{""ImportId"":""QID49_1""}","{""ImportId"":""QID51_1""}","{""ImportId"":""QID50_1""}","{""ImportId"":""QID54_TEXT""}","{""ImportId"":""QID55""}","{""ImportId"":""QID56_TEXT""}","{""ImportId"":""QID57""}","{""ImportId"":""QID72_1""}","{""ImportId"":""QID73_1""}","{""ImportId"":""QID74_1""}","{""ImportId"":""QID75_1""}","{""ImportId"":""QID78_TEXT""}","{""ImportId"":""QID79""}","{""ImportId"":""QID80_TEXT""}","{""ImportId"":""QID81""}","{""ImportId"":""PROLIFIC_PID""}"
2026-02-23 09:38:47,2026-02-23 09:38:50,1,*******,100,2,1,2026-02-23 09:38:50,R_7Peh12zsclGFYfr,*******,*******,*******,*******,*******,*******,preview,EN,,2,,,,,,,,,,,,,,,,,,,,,,,,,,,,,,,,,,
2026-02-25 10:41:14,2026-02-25 10:43:14,1,*******,100,120,1,2026-02-25 10:43:15,R_5HSOyMWZfsQ3qpP,*******,*******,*******,*******,*******,*******,preview,EN,1,2,,,,,,,,,,,,,,,,,,,,,,,,,,,,,,,,,,
2026-02-25 13:23:43,2026-02-25 13:30:40,0,*******,100,417,1,2026-02-25 13:30:41,R_70jFJXanhG7bIZB,*******,*******,*******,*******,*******,*******,anonymous,EN,1,1,55fc2b4377f33b000ecb21ed,100,32,0,50,"So, fertilizer helps plants grow obviously. The tropical setting would probably have more animals/waste that it could feed off of and grow. Whereas the dessert has hardly any life in it for it to feed from.",,It could be a different stage of evolution. Perhaps the colors have to do with how far along the plants are - and the younger ones need more fertilizer.,,0,100,50,0,"I don't think shape would - but if I had to venture a guess. Perhaps one shape is more economical than the others, more better to receive signals or what not.",,"I think straight antennas would be better. They are higher up and would receive signals more than curved, potentially damaged antenna.",,74,51,71,89,The way they've evolved - claw shapes might be further evolved than ones without. They also might be older meaning the younger ones might be a bit more fertile. Like when they get older maybe the claws change shape.,,"I truly don't know on this one. If I had to guess, perhaps it has to do with health. Like how sickly animals sometimes change color - that might be the case here.",,5,61,50,81,Perhaps they are from different animals. The animal with the spotted eggs can either hatch more quickly or less quickly than the others.,,"I'm assuming the question has to do with shape of the eggs and was just mistyped - I will answer accordingly. I think round is healthy, elongated is probably not. So a healthy egg is more likely to hatch quicker.",1,55fc2b4377f33b000ecb21ed
2026-02-25 13:25:41,2026-02-25 13:33:40,0,*******,100,478,1,2026-02-25 13:33:41,R_6qkQ3Ldfqk65Ejw,*******,*******,*******,*******,*******,*******,anonymous,EN,1,1,676f2ff678d74407b518207d,35,34,53,51,,1,,1,68,86,38,60,Round shapes may be able to navigate tight corners more effectively.,,Straight antennas may get better reception with navigational satellites.,,78,72,50,50,"Perhaps they use their claws to make nests for eggs, and certain claw shapes are more effective at nest creation.",,"Perhaps they can blend into the environment better with certain colors, and evade predation during mating.",1,72,73,51,50,"Maybe spots attract predators, and reduce hatch rates.",,Perhaps it is easier to attract mates with certain colors.,,676f2ff678d74407b518207d
2026-02-25 13:23:43,2026-02-25 13:34:10,0,*******,100,626,1,2026-02-25 13:34:10,R_3JfIr3MewzzqCa6,*******,*******,*******,*******,*******,*******,anonymous,EN,1,1,55c237eefdf99b41c2f6481b,86,83,15,50,Fertilizer needs are probably different because the types of soil that is present. The soil in each location would probably need to be treated differently depending on which nutrients are naturally present in each environment.,,The different colors might be dependent on the nutrients naturally present in the soil as above. I believe it's hydrangeas that are different colors due to the nutrients in the soil.,,60,67,50,50,,1,,1,52,53,51,50,"Perhaps the male prefers a specific claw shape. Therefore, those with those claw shapes are impregnated more frequently.",,Maybe the males prefer a certain color over others. And they impregnant more frequently those of that color.,,3,56,50,49,,1,Perhaps the survival rate of the embryo is more prevelant depending on the shape of the egg that's it's in. Perhaps more room is more conducive to life than the other.,,55c237eefdf99b41c2f6481b
2026-02-25 13:27:34,2026-02-25 13:34:15,0,*******,100,400,1,2026-02-25 13:34:15,R_5KkZSZLKfLI5Qvn,*******,*******,*******,*******,*******,*******,anonymous,EN,1,1,6352c60b4a9850783773f265,81,23,42,50,the amount of moisture can affect the amount of nutrients the plant can uptake,,,1,28,64,50,50,,1,it could be that more antennas help navigate better.,,57,41,50,50,"sharper claws may help collect more food, which could help them compete for mates.",,those with colors that help them survive will help them get more mates,,80,50,10,50,eggs that have spots may blend in better with the surroundings and survuve,,those who dont get eaten by predators by color are more likely to mate,,6352c60b4a9850783773f265
2026-02-25 13:30:32,2026-02-25 13:37:50,0,*******,100,438,1,2026-02-25 13:37:51,R_5dH0L948UcQgncr,*******,*******,*******,*******,*******,*******,anonymous,EN,1,1,698dd4f56dda774212761dfd,80,46,5,48,"I figure those in arid climates are very dry, so they would need more fertilizer to survive in that climate",,,1,31,87,54,84,,1,I think the curved antennas allow for better range of detection for navigating,,72,81,8,87,I thought those with curvier claws would survive longer by being able to fight predators and then be able to fight off competition to reproduce more,,"I think some animals have attractiveness based on their colors, so mates would be more likely to choose each other based off of colors",,60,70,19,5,"For spots, I was thinking those without spots will be able to blend into nature more so they would survive more in nature. Then, those offspring would be able to reproduce more offspring without spots",,"Similar to my above reasoning, those without colors that would allow them to blend more into nature would survive more. Colors may also be related to mating choices as well such as in birds. ",,698dd4f56dda774212761dfd
2026-02-25 13:26:21,2026-02-25 13:38:52,0,*******,100,750,1,2026-02-25 13:38:52,R_5lbKbdTpetfmkSe,*******,*******,*******,*******,*******,*******,anonymous,EN,0.8999999761581421,1,69458093c624f68dac8c87e5,82,20,0,50,I would assume that an arid environment contains soil lacking moisture and nutrients when compared to a tropical environment. This would be due to the very dry conditions.,,,1,30,30,0,50,I guess it depends on how the sensors within the robot detect directions. I am thinking that a round body shape allows for more directional sensors pointing in various different directions if they are pointing outwards in a circle. Whereas a square shape could only have sensors pointing in 4 directions at any given time.,,Perhaps the body of the robot is too complex to allow for navigational sensors or controls. So then the only place left to put them is in the antennas.,,20,20,50,50,"Maybe the reptiles with the narrow, sharper claws are more likely to scratch or injure their mates. This would make it more difficult to reproduce.",,,1,11,10,50,50,,1,,1,69458093c624f68dac8c87e5
2026-02-25 13:23:36,2026-02-25 13:39:33,0,*******,100,957,1,2026-02-25 13:39:33,R_31Ap2msFiL4p1UN,*******,*******,*******,*******,*******,*******,anonymous,EN,1,1,6994d1134323ead6c7e44667,100,18,100,50,I think the most areas are better for the plant becuase they get more water which is what most plants need to survive.,,,1,68,100,100,100,"I think the round aliens would have more trouble walking around due to them having round bodies that would roll if on the group while square aliens would stay in place. ",,I think having two curved antennas would allow the aliens to navigate the world better while one antenna in the air does help as much,,70,50,22,74,I think curved claws would increase fertility scores because they probably run faster and are better able to protect themselves while stubbed claws would make them slower and harder to protect themselves.,,"Maybe there are greener reptiles because they live in an area that has green places to hide and the same goes for being orange and blending in with the desert. ",,4,62,50,26,,1,"I think maybe reptiles that have a longer egg are more likely to survive because they are more developed and bigger. ",,6994d1134323ead6c7e44667
2026-02-25 13:29:52,2026-02-25 13:40:26,0,*******,100,634,1,2026-02-25 13:40:27,R_1luWjKAiepAyVZz,*******,*******,*******,*******,*******,*******,anonymous,EN,1,1,5d1511f1e814b800016108a6,97,7,51,50,Maybe in the desert because the conditions require more energy to survive. That's all I can come up wi,,A certain color may also have other associated elements that need more fertilizer.,,2,5,50,50,,1,,1,3,4,50,50,,1,,1,2,5,50,50,,1,Maybe one size tends to break easier than the other.,,5d1511f1e814b800016108a6
2026-02-25 13:27:43,2026-02-25 13:40:46,0,*******,100,782,1,2026-02-25 13:40:46,R_5eIs7YnfefbATxt,*******,*******,*******,*******,*******,*******,anonymous,EN,1,1,663591a8f1cc9a084177709c,50,31,50,73,"I think that dryer environments, such as the Arizona desert might require more fertilizer for the plants to thrive.  The more humid environments would provide a better place for growth.",,"The color could signify the health of the plant.  For example, maybe the blue color means the plan is at risk and needs more fertilizer to thrive.",,66,88,4,74,"My first thought was the rounded shape more closely corresponds to the shape of the Earth. I'm not sure why, but that was my first thought. I thought about how a rounded shape would maybe make it easier to distinguish between north, south, east, west as well as northeast, southwest, northwest etc.  ",,"I think the curved antennas might reach further as far as getting a ""signal."" Kind of like thinking of a GPS, I thought maybe having 2 antennas instead of one and the curved shape going both directions might cover more area than the straight up and down in the middle antenna.",,50,15,50,34,"I thought maybe the flat claws would be more likely related to fertility because the sharper claws might be to fend off predators, not attract a mate.",,"I was unsure on which color would equate to fertility, but I think it would be logical if a certain color signified fertility. Maybe finding a mate requires changing color because the mate can only see in certain colors. ",,65,50,73,50,I was thinking the spots might appear to signal that the egg is ready to hatch.  Maybe the more spots the closer the egg is to hatching.,,"I think the different colors might attract a mate. Like maybe the mate can only see red, etc.",,663591a8f1cc9a084177709c
2026-02-25 13:27:46,2026-02-25 13:41:30,0,*******,100,824,1,2026-02-25 13:41:31,R_3oMEDibvJmaweqM,*******,*******,*******,*******,*******,*******,anonymous,EN,1,1,5dd2f94a238a913096c52317,72,23,20,50,The soil would be more depleted in some areas,,,1,2,76,50,72,,1,If they reach out they can detect things farther out and so their navigation would be better.,,9,1,50,50,,1,,1,66,43,14,50,The spots being there would make it take longer to develop. Basically it has to do more work.,,,1,5dd2f94a238a913096c52317
2026-02-25 13:37:42,2026-02-25 13:43:46,0,*******,100,364,1,2026-02-25 13:43:47,R_6B3P1JgNgQwAOUZ,*******,*******,*******,*******,*******,*******,anonymous,EN,0.8999999761581421,1,693b107113e251a972ba0527,97,38,14,50,"If the environment doesn't provide enough nutrients for the plant to be healthy, it might benefit from having fertilizer. It could depend on the weather and the soil quality. ",,,1,50,62,33,65,"Shape affects how aerodynamic something is, so in that way it could affect the navigational skills. It also affects how easily / not easily the robot can access certain spaces. ",,"Antennas are probably there to provide help with navigation. They're picking up some kind of information, so the shape could affect that. ",,51,47,50,50,,1,,1,52,51,50,50,"Maybe the spots or lack of spots indicate a genetic difference or disease ",,"Color could relate to certain genes which might relate to fertility in some way ",,693b107113e251a972ba0527
2026-02-25 13:23:35,2026-02-25 13:44:33,0,*******,100,1257,1,2026-02-25 13:44:33,R_610Yhq1gz9zmcBn,*******,*******,*******,*******,*******,*******,anonymous,EN,1,1,6310bf2d4897ec60e9079b63,93,26,0,33,"some environments have richer soil like the tropical environment. lumifloras that live in those environment are used to having higher amount of fertilizer so if moved to a different environment, they would need the same amount of fertilizer to function just as well. for the ones in the arid environment, they are tougher and used to less nutrients in the soil. (after writing out my reasoning, i actually want to change my answer in the previous page now. i think the tropical environment ones actually need more fertilizer)",,"maybe the lumifloras with brighter colors like red need more nutrients to maintain that vibrant color. to generate that colorful pigment, they need more fertilizer to do so",,74,88,12,87,"some shape allow the robots to move more easily thus resulting in greater navigational skill. for example, having a round shape probably allows the robots to move more freely thus the rounder ones have better navigational skills than the other shape",,"shape and numbers of antennas probably matter for navigational skill. the curved ones come with two and having more antennas probably lead to better navigational skill because having more antennas receive signals better. ",,34,23,70,62,"reptiles with curvier claw shapes might have higher fertility scores because they are more desirable to reptiles of the opposite sex. curvier claw shapes allow these reptiles to more easily hunt prey, dig in the ground, and overall a very attractive breeding partner",,"reptiles with brighter colors like red/orange are more attractive to reptiles of the opposite sex. like birds, brighter colors in males gain more attention and females are more likely to mate with them",,5,57,54,59,,1,i think shapes might affect the hatch rates of the eggs because an easier shape might make it easier for the baby to come out of the egg. maybe the round shape allows more room for the baby to break out of the shell,,6310bf2d4897ec60e9079b63
2026-02-25 13:37:30,2026-02-25 13:44:34,0,*******,100,424,1,2026-02-25 13:44:34,R_52ynqsAQe6kJ2p1,*******,*******,*******,*******,*******,*******,anonymous,EN,1,1,699570ec8b0c1cc7b704ba93,71,22,86,49,It would be because the plant has adapted to the nutrients in different environments. The flower in the more arid environments would have evolved to survive with less.,,,1,81,80,50,66,Since a human designed the robots it would make sense for their role to be distinguishable through shape.,,The round antennas have more antennas as well. It makes sense that more antennas would mean greater navigation abilities.,,66,64,50,50,,1,,1,70,69,50,49,If the egg has spots it clearly evolved a different way. It's possible that the spots are associated with another mutation that bring higher hatch rates.,,Same answer as above. The color mutation could be associated with another mutation linked to fertility.,,699570ec8b0c1cc7b704ba93
2026-02-25 13:33:56,2026-02-25 13:46:59,0,*******,100,783,1,2026-02-25 13:47:00,R_3K7NyzCiulCG92n,*******,*******,*******,*******,*******,*******,anonymous,EN,1,1,67ebe8e0a99e50183c34746f,71,50,50,50,"Plants in a wetter environment might need more fertilizer because their nutrients get washed away by water. However, in a drier environment, the plants might need more fertilizer because they aren't getting enough nutrients.",,,1,50,71,50,71,,1,I would think that 2 antennas are better than 1? This might give them the ability to navigate better.,,68,50,70,84,"I would think that reptiles with sharper, pointier claws might have better fertility rates because the male is able to control the female more effectively. This might allow more successful mating.",,I would think that brighter colors could lead to better attraction and more mating. This might lead to better fertility rates if everything else is the same.,,50,50,50,47,,1,I might assume that brighter color attract mates better. This might affect fertility rates.,,67ebe8e0a99e50183c34746f
2026-02-25 13:27:08,2026-02-25 13:47:01,0,*******,100,1192,1,2026-02-25 13:47:01,R_5H7gB7X6rMUWfzd,*******,*******,*******,*******,*******,*******,anonymous,EN,1,1,6628f4e77ba6d4332996845e,84,22,18,50,"If it is drier then then nutrients may be lacking.  A tropical climate may be more favorable.  ",,,1,39,67,51,13,,1,,1,84,52,95,8,,1,,1,68,37,71,66,,1,,1,6628f4e77ba6d4332996845e
2026-02-25 13:29:32,2026-02-25 13:47:22,0,*******,100,1070,1,2026-02-25 13:47:22,R_54NJpKY92wACeOX,*******,*******,*******,*******,*******,*******,anonymous,EN,1,1,5e7a2ccd69a7770604dfb352,99,99,0,51,"Flowers found in arid environemnts dont have as fertile ground to grow in, and their roots can't reach important nutrients in the soil that those living in more tropical regions have access to. Arid environemnts therefore require more assistance in the form of fertilizer.",,It's possible that different colors have different fertilizer needs. Maybe the blue flowers are more color and not as common a color and therefore are considered an exotic species with special nutritional needs.,,68,48,23,51,"I think it's possible that round robots would be better at navigating spaces because the squared edges would prevent them from moving throughout a space freely. The rounded figure prevents it from getting stuck in corners. ",,Perhaps having 2 antaneas that point outward allow the robot to recieve more signals. The single antannea pointed upward doesn't have as much reach.,1,72,72,24,74,"I think it's possible that, through evolution, the reptiles have developed better claws for breeding. Specifically, reptiles with curved claws are likely to be more effective at digging to find food and / or hide their eggs. These reptiles, that is, those with the curved claws, are more likely to have evolved into more fertile species.",,"I think that green reptiles may have evolved to have skin that is more easily camoflaogued in the leaves and brushes. Like the reptiles with curved claws, they are more likely to survive by hiding from both predators and pray and therefore are more fertile.",,57,59,49,50,Colorful hatch rates may be more likely to attract the attention of predators. I therefore think it is possible that non-spotted eggs are a more hearty species and more likely to be fertile.,,"Much like the spots, I think it's possible that righter colors are more likely to attractive the attention of predators. So the lighter or less bright color species would be more likely to survive, thrive, and reproduce.",,5e7a2ccd69a7770604dfb352
2026-02-25 13:38:00,2026-02-25 13:47:42,0,*******,100,581,1,2026-02-25 13:47:42,R_6HUPhO1oYvXSRIb,*******,*******,*******,*******,*******,*******,anonymous,EN,1,1,6336f536de1823600ebda2f4,50,4,15,50,The flowers in the drier environments likely need more fertilizer as a source of nutrients. The ones in more tropical biomes get more nutrients from more fertile surroundings.,,,1,70,50,75,50,"Based off the illustration, it seems like the legs of the square bodies are longer than the round ones. I feel like that would attribute to more efficient movement.",,"The only thing I can think of is that the straight antenna can receive transmitted instructions more efficiently than the curved ones. However that is purely a guess, and I don't know how having two antennae would affect the movement.",,0,100,50,100,"The claw shape likely plays into how well they can dig up sand. From the look of it, the hooked claws look like they'd be able to handle digging up sand a bit better.",,,1,1,60,50,20,,1,,1,6336f536de1823600ebda2f4
2026-02-25 13:30:28,2026-02-25 13:47:48,0,*******,100,1039,1,2026-02-25 13:47:49,R_1SB471Rbh6kAltk,*******,*******,*******,*******,*******,*******,anonymous,EN,1,1,612bfe71a97242127201bc3b,90,60,23,50,The ground within the environment in which the Lumifloras grow most likely does determine the amount of fertilizer the Lumifloras need. The ground may be rich and nurturing in some environments or it could be drier and not as healthy due to the amount of water and other essential things that is present and available.,,I'm not sure about the colors having any determining factors for the amount of fertilizer needed for the Lumifloras. Maybe different colors need different nourishing elements to achieve their vibrancy.,,30,70,34,32,Shape could very well determine the navigational skills for the robots. One shape might be easier to get through tight places and harder to reach areas than the other shaped robot.,,,1,65,75,28,50,"Claw shape definitely might have different fertility scores than the reptile with the different shaped claws. It may be because of the type species that causes the claws to be different, therefore resulting in different fertility rates.",,"Color could be related to fertility because of the species type, size, etc. It would possibly result in different fertility scores.",,61,75,50,50,Hatch rates for eggs with spots could differ from those of eggs without spots. It could be the breed of the reptile that determines if the eggs are spotted or not. It could also be something to do with the size of the eggs in general that would decide when they hatch.,,,1,612bfe71a97242127201bc3b
2026-02-25 13:36:10,2026-02-25 13:53:06,0,*******,100,1016,1,2026-02-25 13:53:07,R_1CKtLsfdLncQMMq,*******,*******,*******,*******,*******,*******,anonymous,EN,1,1,66c5118758e462c3fe742d2a,50,50,50,50,,1,,1,2,58,51,14,,1,,1,7,3,50,50,,1,,1,20,80,35,62,"spots on hatched eggs could be as a results of infection, nutrition dificiencies or stress which could be considered as unhealthy.",,This could be as a result of hormonal influence on reproductive development. It might also be an indication of genetic variations impacting fertiity.,,66c5118758e462c3fe742d2a
2026-02-25 13:27:04,2026-02-25 13:57:30,0,*******,100,1826,1,2026-02-25 13:57:31,R_1ohbRlFNZjloR1N,*******,*******,*******,*******,*******,*******,anonymous,EN,1,1,6726c172ae503d706acdc74b,88,57,8,47,"The climate might differ substantially, causing each to need different amounts of fertilizer. The environment might be tougher in some areas, causing the Lumiflora to require more.",,,1,75,74,4,91,,1,Antennas might inherently point them in the right direction. Antennas might also be used for signal positioning like bouncing signals off walls to say where it is.,,57,81,82,9,"Certain types of claws might be better at digging, which is required maybe to bury eggs. If eggs survive, that increases fertility scores.",,"Maybe certain colors require more nutrition, which in turn leads to strength to product the youth? ",,57,57,83,7,Maybe spots indicate disease and those eggs don't survive. Maybe without spots requires less care and are stronger.,,Maybe some colors are more prone to diseases and thus won't survive. Certain colors may be immune to some diseases.,,6726c172ae503d706acdc74b
2026-02-25 13:47:45,2026-02-25 13:59:18,0,*******,100,692,1,2026-02-25 13:59:18,R_3ewvbVQsWNaQdMN,*******,*******,*******,*******,*******,*******,anonymous,EN,1,1,631752de5476b145e0f6075c,100,100,0,50,"A tropical environment has more life, more plants, which results in more shared nutrients. The desert environment lacks nutrients and would be a much harsher life for the plant as it would struggle to find nutrients.",,"A certain color might imply a healthier plant. I am not sure which color, but maybe red could imply a stronger plant as its a brighter, deadlier color. This would mean the blue plant would need more nutrients as it is not as strong.",,55,100,75,100,"Potentially a box shape might be easier to navigate through certain terrain. A round shape might impose more obstacles, as it is wider.",,"The curved antennas have two, this gives more room for signal and data. It implies increased productivity or intelligence, which would increase their navigational skill.",,55,55,75,25,"I would imagine that the deadlier looking claws would result in more fertility due to a higher testosterone level. This would increase their sex drive, and possibly increase their fertility scores.",,"I believe a deadlier color, such as brighter reds, could indicate a higher testosterone level. Which in turn would increase their sex drive and potentially their fertility scores.",,85,75,100,0,"The more spots an egg has the stronger the animal that laid them might be, as this might require more energy to produce. This in turn could potentially increase their hatch rate.",,"A deadlier color might signal a healthier animal, with stronger DNA. This would imply higher testosterone levels and increase their fertility scores.",,631752de5476b145e0f6075c
2026-02-25 13:43:39,2026-02-25 14:01:20,0,*******,100,1061,1,2026-02-25 14:01:21,R_3O0pmW1FdjWdeLH,*******,*******,*******,*******,*******,*******,anonymous,EN,1,1,6997b7356e8a19f2fde2182d,,100,50,50,The amount of water a Lumiflora receives could affect the fertilizer needed. The temperature could also affect the fertilizer needed.,,"The color of the Lumiflora could affect what is absorbed from the environment. Therefore, what fertilizer is needed by different colored Lumiflora could be different.",,100,100,50,50,"One shape may make it easier to navigate an environment. For example, a round shape may make it easier to navigate around corners.",,The number of antennas could relate to navigational skill because more antennas could add additional skill or one antenna could be more fine-tuned and create superior skill.,,100,100,50,50,Claw shape could be related to mating and whether the reptiles will conceive. A reptile with a sharper claw might take part in a longer mating ritual.,,The color of the reptiles could be affected by how much energy they absorb. This could affect the fertility rate of the reptile.,,66,66,50,50,Spots or no spots could be related to genetics. The parentage of the egg could be part of determining he hatch rate of the egg.,,Reptiles of certain colors may have evolved and may be more apt to survive. These reptiles may have higher fertility scores because their young are better adapted to the environment.,,6997b7356e8a19f2fde2182d
2026-02-25 13:47:58,2026-02-25 14:01:38,0,*******,100,820,1,2026-02-25 14:01:38,R_36OgvyWImKJYvGV,*******,*******,*******,*******,*******,*******,anonymous,EN,1,1,63eaa9f8f0637c961dcfc277,34,50,50,50,"Getting less water my change the fertilizer needs.  Getting more sun may change fertilizer needs. ",,"This might be similar to hydrangas that are different colors depending on the type of soil/fertilizer they recieve, some are pink and some are blue.  There may be a connection between nutrients and color.",,50,70,50,60,Within the different shapes there may be a layout difference in the location of the navigational equipment.  One shape may allow for additional or better navigation instrumentation that the other that results in differing skills.,,Having 2 antennas may lead to better navigation skills as it may allow for better triangulation or more detailed navigational information and data.  This double and curved antenna set up may be optimal for navigation.,,50,50,50,50,"Perhaps it isn't related to fertility, but to survival of the eggs with those having claws are able to burry and protect their eggs/young so they have more offspring compared to the round claws which would lay their eggs on top of the ground.",,This may have to do with the attraction of a mate.  Perhaps one color is more desirable and leads to more frequent mating and thus more offspring and higher fertility.,,50,40,50,50,The eggs with spots may be from a different subspecies of animal that has a different incubation rate compared to the eggs without spots. This may account for a difference in hatch rates.,,Different colors may have to do with age of the female and age may contribute to different fertility scores.  Younger and older females may have differing fertility scores in this species.,,63eaa9f8f0637c961dcfc277
2026-02-25 13:58:26,2026-02-25 14:03:51,0,*******,100,324,1,2026-02-25 14:03:52,R_52Fs98b3t4kYCGJ,*******,*******,*******,*******,*******,*******,anonymous,EN,1,1,67f080382c31132cfbb584e6,50,50,50,50,,1,,1,67,50,50,50,,1,,1,50,50,50,50,,1,,1,51,50,50,50,,1,,1,67f080382c31132cfbb584e6
2026-02-25 13:46:20,2026-02-25 14:05:51,0,*******,100,1171,1,2026-02-25 14:05:52,R_3J4Sg9A6uJcfarf,*******,*******,*******,*******,*******,*******,anonymous,EN,1,1,698ac29f253913fd68d02119,80,50,10,10,"Possibly the lack of water. Needing a little help to grow. ",,Possibly absorbing less sunlight?,,20,60,50,20,,1,,1,80,80,33,20,"The claws would make digging easier. And faster. Also a bit of protection. ",,"Depending on the color of the leaves on the ground, the color of the reptile could act as camouflage.",,60,50,70,50,"The spots might deter predators. ",,,1,698ac29f253913fd68d02119
2026-02-25 13:51:27,2026-02-25 14:07:30,0,*******,100,962,1,2026-02-25 14:07:30,R_69Uk9Gnw4UjVBU5,*******,*******,*******,*******,*******,*******,anonymous,EN,1,1,665e13453c02a3bddea07cfd,79,67,72,77,,1,,1,59,66,73,68,,1,"I think that antennas have a relation to navigation skills. They could use the antennas to pick up signals from others and certain locations ",,67,80,58,23,Claws could make the reptiles with them more desirable. Having sharp claws can make it easier to defend themselves.,,,1,46,72,62,55,"Spots might mean that the species of the egg is different. So they might hatch sooner or later than the normal egg ",,,1,665e13453c02a3bddea07cfd
2026-02-25 14:12:20,2026-02-25 14:14:00,0,*******,100,99,1,2026-02-25 14:14:00,R_6dR8JIpAyZAqFXv,*******,*******,*******,*******,*******,*******,anonymous,EN,1,2,,,,,,,,,,,,,,,,,,,,,,,,,,,,,,,,,,67eac8914d951b3572ea7e8d
2026-02-25 13:30:20,2026-02-25 14:21:52,0,*******,100,3092,1,2026-02-25 14:21:54,R_5Io8FOovth54p9b,*******,*******,*******,*******,*******,*******,anonymous,EN,0.8999999761581421,1,64d50e010aecf3411186d312,100,50,90,60,I would think lumifloras in tropical environments get much more water and the earth it is rooted in is much richer in nutrients. I would think this would mean it would need more fertilzer compared to an arid lumifloral which is likely used to less of everything.,,Maybe the red color absorbs more energy from the sun. Maybe because of this the red lumifloral needs less fertilizer compared to the blue.,,50,65,50,65,Maybe the square shape has their thinking parts closer to the antennas. Maybe this makes them better at navigation.,,"Having two antennas might make navigating more sensitive. and therefore better. Also, having curved antennas may allow for greater scope of searching which could lead to better navigation.",,90,65,90,35,Maybe reptiles with claws can better defend themselves and/or better climb trees to escape predators compared to round clawed reptiles. This might mean round clawed reptiles have a higher mortality rate and need to compensate by having a higher fertility rate.,,Brighter colored in reptiles might make it more difficult to hide from predators compared to green colored reptiles. This could lead to higher mortality for brighter colored reptiles requiring a higher fertility rate to compensate for this higher mortality rate.,,50,50,50,50,Maybe spots indicate greater complexity in some way. Maybe this greater complexity may require longer development and would lead to slower hatch rates for the spotted eggs.,,Coloration is sometimes used by males to attract females. Maybe more of this type die because the coloration makes them more visible to predators requiring higher fertility rates to compensate for this higher mortality.,,64d50e010aecf3411186d312
2026-02-25 14:17:59,2026-02-25 14:38:04,0,*******,100,1204,1,2026-02-25 14:38:05,R_542DoSaPlamBIn8,*******,*******,*******,*******,*******,*******,anonymous,EN,0.8999999761581421,1,5fa0a8458a77a51177c09872,100,33,0,50,"The lumiflora in the picture has a lot of vegetation and looks like it naturally belongs in a tropical environment. It looks a little out of place in a desert, which leads me to my guess that it will require a substantial amount of fertilizer in a desert, if it can grow there at all.",,,1,5,67,100,0,"In terms of structure (buildings, roads), I find that the shapes are more angular. A square Glorp comes closer to the structure of a car (more box-shaped) than a chubby, round, bulbous shape. ",,"At first, I thought that 2 curved antennae would be better for navigation, but then I wondered if that could, perhaps, create confusion. Would 2 antennae signals interfere with one another? This is why I ended up choosing a single antenna as the best option.",,50,50,0,100,"I wonder about the flat claws being a genetic mutation, since this would not benefit a reptile in the wild when it comes to defending itself. With this in mind, I would say that a flat-clawed reptile would, perhaps, have fertility issues, although, I am on the fence about this one.",,"I also have a 50/50 opinion on this one. If I had to say there was a chance of infertility, I would guess that the bright red/orange reptiles may be more susceptible to this. I am basing my guess off of calico cats, who have a rare genetic mutation and (I believe?) are born infertile.",,67,50,50,0,,1,"The question above is asking about the reptile scenario that I already answered. If the question was meant to ask about the probability of hatch rate between eggs that are round vs. eggs that are elongated, my best guess would be that eggs that are elongated might have a better change to hatch. My guess is because elongated eggs tend to be the natural shape of eggs on this planet.",,5fa0a8458a77a51177c09872
2026-02-25 14:17:53,2026-02-25 14:45:39,0,*******,100,1665,1,2026-02-25 14:45:39,R_7rNTmGqKxTAMito,*******,*******,*******,*******,*******,*******,anonymous,EN,1,1,69473bba920ccf53128cb023,68,68,2,51,"The plants get their nutrition from the soil.  If the soil is dry with little to no water, the plant won't get the needed nutrients.  Thus, the arid environment would need more fertilizer.",,,1,65,5,99,51,"Just by observing the robots, it seems that the square bodies are also a little narrower.  This would give the arms and legs a little more room to move.",,"If anything, I would imagine that the single antenna would likely help keep the robot upright and steady due to no directional pull.",,1,1,50,52,"The only thing that comes to mind  would be the actual act of mating, and how the sharper claws might look intimidating to the female and thus make her want to retreat.",,,1,1,1,50,50,,1,,1,69473bba920ccf53128cb023
2026-02-25 14:49:54,2026-02-25 15:27:14,0,*******,100,2239,1,2026-02-25 15:27:15,R_6FjL8c69OKc8McF,*******,*******,*******,*******,*******,*******,anonymous,EN,1,1,5be769f53b047e0001a39b01,80,65,25,20,"I think an arid environment would require more fertilizer, the dry air would soak up the mositure from the ground, I'm thinking that as mositure is lost then so are a lot of the nutrients in the soil.  A tropical environment would have plenty of rainfall keeping the ground moist and keeping the nutrients in the soil.  ",,"I feel color would depend on the strength of the color, a red color flower would probably need more fertilizer as it uses more nutrients to produce the darker color.  A lighter color flower would need less as it wouldn't have to struggle to produce a vibrant color.",,70,90,50,90,"I'm not too sure about this, maybe the round shape would find it easier to navigate due to the ease of movement.  The round shape would find it easier to move in all directions, the square shape looks like it might not so easily be able to turn from left to right.",,"Butterflies and moths have antenna, they are very useful in navigating their area, picking up scents in the air and knowing their surroundings.  The antenna on the Glorp would work in the exact same way.",,75,30,20,60,"Maybe the claw shape shows strength, the reptile with the curvier claws would be more energetic as it climbs trees etc.  The stronger reptile would probably be more fertile.",,"Color may relate to fertility as the reptile has a different show of color when it's at it's most fertile.  I'm not sure what would cause this change in color. ",,10,10,70,20,"I was thinking the spotted and unspotted eggs came from two different kinds of reptile.  If that wasn't the case, I think the spotted eggs would probably hatch at a greater rate as the spots would indicate maturity, the reptile eggs are ready to hatch when spots are produced.",,"At a guess I would say it could be due to maturity, the younger reptile would probably be more fertile.  The younger reptile would lay the spotted eggs, as the reptile matured the laid eggs would lose their color and only white eggs would be layed.  ",,5be769f53b047e0001a39b01
