participant,free_texts,feedback,food_amount,trial_stop_time,testing_image_order,testing_responses,training_categories,training_tail,training_shape,training_color,testing_categories,conditionOrder,training_image_order,attention_check,relevant_dim_1,relevant_dim_2,irrelevant_dim,color_high,color_low,shape_high,shape_low,tail_high,tail_low,shape_discrete_slider.response,shape_direction_slider.response,shape_continuous_slider.response,color_discrete_slider.response,color_direction_slider.response,color_continuous_slider.response,tail_discrete_slider.response,tail_direction_slider.response,tail_continuous_slider.response
019,"['It could be because they are round, because they have a tail and because they are yellow, but not entirely sure.', ""Don't know yet, could be because of tail, shape or color."", 'Not sure yet.', 'Not sure yet, maybe because they have no tail', 'Not sure, maybe because they have no tail', 'Not sure yet.', 'Not sure yet', 'Not sure, might be because they are yellow with no tail', 'not sure yet', 'not sure, might be because they are blue with no tail', 'it might be because they are blue', 'not sure', 'might be because they are blue with a tail', 'maybe because they are round and yellow', ""don't know yet"", ""don't know yet"", ""don't know yet"", 'not sure yet', ""don't know yet, they may eat without regard for any of the 3 patterns"", 'maybe because of the tail, but not sure', 'not sure there is a pattern', 'not sure, maybe he was just moderately hungry', ""don't see a pattern"", 'may be because yellow, square and no tail']","['I had to take notes, but not entirely sure it helped, lol']","[5.0, 5.0, 7.0, 2.0, 2.0, 8.0, 3.0, 6.0, 5.0, 2.0, 2.0, 5.0, 3.0, 2.0, 4.0, 6.0, 5.0, 4.0, 4.0, 3.0, 6.0, 5.0, 4.0, 7.0]",1108.3002,"['T_Y_C', 'N_B_S', 'N_B_C', 'N_Y_S', 'T_B_C', 'T_B_S', 'N_Y_C', 'T_Y_S']","[4.0, 4.0, 4.0, 6.0, 3.0, 4.0, 4.0, 5.0]","['medium', 'medium', 'high', 'low', 'medium', 'high', 'low', 'medium', 'high', 'low', 'low', 'medium', 'medium', 'medium', 'medium', 'high', 'medium', 'high', 'medium', 'medium', 'low', 'medium', 'low', 'high']","['I2', 'I2', 'I2', 'I1', 'I1', 'I1', 'I2', 'I1', 'I1', 'I1', 'I2', 'I1', 'I2', 'I2', 'I1', 'I2', 'I2', 'I2', 'I1', 'I2', 'I1', 'I1', 'I2', 'I1']","['L1', 'H1', 'H1', 'L1', 'H1', 'H1', 'L1', 'L1', 'H1', 'L1', 'L1', 'L1', 'H1', 'L1', 'H1', 'H1', 'H1', 'H1', 'L1', 'L1', 'L1', 'H1', 'L1', 'H1']","['H2', 'L2', 'H2', 'L2', 'L2', 'H2', 'L2', 'H2', 'H2', 'L2', 'L2', 'H2', 'L2', 'H2', 'L2', 'H2', 'L2', 'H2', 'H2', 'H2', 'L2', 'L2', 'L2', 'H2']","['medium', 'medium', 'low', 'high', 'low', 'medium', 'medium', 'high']",19,"['T_Y_C', 'T_B_S', 'T_Y_S', 'N_B_C', 'N_B_S', 'N_Y_S', 'T_B_C', 'N_Y_C', 'N_Y_S', 'N_B_C', 'T_B_C', 'N_Y_C', 'T_B_S', 'T_Y_C', 'N_B_S', 'T_Y_S', 'T_B_S', 'T_Y_S', 'N_Y_C', 'T_Y_C', 'N_B_C', 'N_B_S', 'T_B_C', 'N_Y_S']",1,shape,color,tail,Y,B,S,C,N,T,No,,,No,,,No,,
018,"['because it had a tail, was blue and square', 'because it had no tail and is a circle', 'because it is yellow', 'because it is blue and has a tail', 'because it has no tail\xa0', 'because it has a tail', 'because it is circle', 'because it is square', 'because it is square and blue', 'because it has no tail', 'because it is circle', 'because it is yellow', 'because it is circle', 'because it is yellow and square', 'because it is tail', 'because it is circle and blue', 'because it is yellow and square', 'because it is yellow without tail', 'because it is blue and square', 'because it is no tail', 'because it is circle and blue', 'because it has tail', 'because it has no tail', 'because it is circle and blue']",[],"[7.0, 5.0, 2.0, 7.0, 1.0, 7.0, 5.0, 3.0, 4.0, 3.0, 6.0, 5.0, 1.0, 5.0, 7.0, 6.0, 2.0, 3.0, 5.0, 3.0, 5.0, 7.0, 6.0, 5.0]",466.9246,"['N_Y_S', 'T_B_C', 'T_B_S', 'N_Y_C', 'T_Y_S', 'T_Y_C', 'N_B_C', 'N_B_S']","[3.0, 6.0, 7.0, 1.0, 7.0, 6.0, 6.0, 3.0]","['high', 'medium', 'low', 'high', 'low', 'medium', 'medium', 'medium', 'medium', 'low', 'medium', 'medium', 'low', 'medium', 'high', 'high', 'medium', 'low', 'high', 'medium', 'medium', 'medium', 'low', 'high']","['H1', 'L1', 'L1', 'H1', 'L1', 'H1', 'H1', 'L1', 'L1', 'L1', 'L1', 'H1', 'L1', 'H1', 'H1', 'H1', 'H1', 'L1', 'H1', 'L1', 'L1', 'H1', 'L1', 'H1']","['I2', 'I1', 'I2', 'I1', 'I1', 'I2', 'I1', 'I2', 'I2', 'I2', 'I1', 'I1', 'I1', 'I2', 'I2', 'I1', 'I2', 'I2', 'I2', 'I2', 'I1', 'I1', 'I1', 'I1']","['H2', 'H2', 'L2', 'H2', 'L2', 'L2', 'L2', 'H2', 'H2', 'L2', 'H2', 'L2', 'L2', 'L2', 'H2', 'H2', 'L2', 'L2', 'H2', 'H2', 'H2', 'L2', 'L2', 'H2']","['low', 'high', 'high', 'low', 'medium', 'medium', 'medium', 'medium']",18,"['T_B_S', 'N_B_C', 'N_Y_S', 'T_B_C', 'N_Y_C', 'T_Y_S', 'T_Y_C', 'N_B_S', 'N_B_S', 'N_Y_S', 'N_B_C', 'T_Y_C', 'N_Y_C', 'T_Y_S', 'T_B_S', 'T_B_C', 'T_Y_S', 'N_Y_S', 'T_B_S', 'N_B_S', 'N_B_C', 'T_Y_C', 'N_Y_C', 'T_B_C']",1,tail,color,shape,B,Y,C,S,T,N,No,,,Yes,Blue,4.0,Yes,Having a Tail,5.0
015,"['They ate that amount of food because they are yellow, square-shaped, and have no tail.', ""They ate that much because they're yellow, round, and tail-less."", 'They ate that much because they have a tail.', 'They ate that much because they are blue, round, and tail-less.', 'They ate that much because they are blue and tailed.', 'They ate that much because they have a tail. Same color and body shape previously ate more (7).', 'They ate that much because of the shape, color and tail (previously tail-less version ate more (5)).', 'Blue, square and tail-less (with tail ate 6).', 'Ate more per no tail (previous color/shape with tail ate less (5)).', 'Ate more because of tail (previous color/shape ate less (5)).', 'Unsure as, unless my notes are incorrect, previously the same color body shape with no tail ate more (5)).', 'Because it has a tail. Previous color/shape combo w/o tail ate more (7)).', 'The tail as the previous color/body shape w/ tail ate more (4)).', ""Unsure as previous color/shape/tail combo was listed at 2; not sure what's different to make it twice as much as color, shape, and tail status were said to be the only factors to consider."", 'This is identical to a previous color/shape/tail-less combo and it also ate 5.', 'It needs twice as much as its with-tail counterpart.', 'The absence of a tail makes it eat 4 more than its with-tail counterpart.', 'Not sure as a previous iteration of this combination ate 6.', 'Not sure as previous iteration ate 3.', 'The absence of a tail makes it eat 1 more than its counterpart.', 'Unsure as previous iteration showed 3 eaten.', 'Unsure as same sperk was shown to have eaten 2.', 'Eats 8 because it is yellow and round with no tail. With tail it eats only 2.', 'Same combination previously listed as eating 5.']","['There were many inconsistencies in the study. I have at least 4 instances where the exact same color/shape/tail statuses displayed different amounts of food eaten, making the task a little more difficult than it should have been. This made a task listed for 13 minutes take 40+, over 3x the time stated, which in turn drives down the rate of compensation due to the same amount being paid for more work.I wish you well with your research.']","[8.0, 8.0, 2.0, 5.0, 6.0, 5.0, 4.0, 5.0, 6.0, 6.0, 4.0, 3.0, 3.0, 4.0, 5.0, 8.0, 9.0, 4.0, 5.0, 5.0, 5.0, 4.0, 8.0, 4.0]",2001.4565,"['N_B_S', 'N_Y_S', 'N_Y_C', 'T_Y_C', 'N_B_C', 'T_B_S', 'T_Y_S', 'T_B_C']","[5.0, 6.0, 8.0, 2.0, 5.0, 6.0, 5.0, 4.0]","['high', 'high', 'medium', 'medium', 'low', 'medium', 'low', 'medium', 'high', 'low', 'medium', 'medium', 'low', 'medium', 'medium', 'high', 'high', 'low', 'low', 'medium', 'medium', 'medium', 'high', 'medium']","['H2', 'H2', 'L2', 'H2', 'L2', 'L2', 'L2', 'H2', 'H2', 'L2', 'H2', 'L2', 'L2', 'L2', 'H2', 'H2', 'H2', 'L2', 'L2', 'H2', 'L2', 'L2', 'H2', 'H2']","['I1', 'I2', 'I2', 'I2', 'I1', 'I1', 'I2', 'I1', 'I1', 'I1', 'I1', 'I1', 'I2', 'I2', 'I2', 'I2', 'I1', 'I1', 'I2', 'I2', 'I1', 'I2', 'I2', 'I1']","['H1', 'H1', 'H1', 'L1', 'L1', 'H1', 'L1', 'L1', 'H1', 'L1', 'L1', 'H1', 'L1', 'H1', 'L1', 'H1', 'H1', 'L1', 'L1', 'L1', 'H1', 'H1', 'H1', 'L1']","['medium', 'high', 'high', 'medium', 'medium', 'low', 'medium', 'low']",15,"['N_Y_S', 'N_Y_C', 'T_Y_C', 'N_B_C', 'T_B_S', 'T_Y_S', 'T_B_C', 'N_B_S', 'N_Y_S', 'T_B_S', 'N_B_S', 'T_Y_S', 'T_B_C', 'T_Y_C', 'N_B_C', 'N_Y_C', 'N_Y_S', 'T_B_S', 'T_B_C', 'N_B_C', 'T_Y_S', 'T_Y_C', 'N_Y_C', 'N_B_S']",1,color,tail,shape,Y,B,S,C,N,T,Yes,Square,5.0,Yes, Yellow,6.0,Yes, Having no Tail,5.0
008,"[""Because of it's tail.\xa0"", ""because of it's body shape"", 'because it has NO tail.', ""because of both it's shape and lack of tail."", 'because it has no tail.', ""because of it's color and shape."", 'because of its color and shape', ""because of it's tail"", ""because of it's body shape and the fact it has NO tail"", 'because of its color and tail.', 'because it has no tail and is yellow', 'because it has a tail.', 'because of its shape and not having a tail.', 'because of it not having a tail. and its color.', 'because it has a tail.', 'because it is yellow', 'because it has a tail and is yellow', 'because it has no tail and is squared', 'because it has no tail and is square.', 'because it has no tail and is yellow', 'because it is blue', 'because it has a tail', 'because it is blue and is round', 'because it is squared and yellow']","['IT was not clear as to what form our replies should take, like totally complete sentences or generic notes?']","[2.0, 3.0, 4.0, 8.0, 4.0, 4.0, 4.0, 5.0, 7.0, 2.0, 8.0, 4.0, 6.0, 4.0, 3.0, 5.0, 3.0, 5.0, 7.0, 9.0, 3.0, 2.0, 5.0, 6.0]",521.853,"['T_B_S', 'T_Y_S', 'N_Y_S', 'T_B_C', 'T_Y_C', 'N_Y_C', 'N_B_S', 'N_B_C']","[3.0, 5.0, 7.0, 3.0, 6.0, 8.0, 7.0, 7.0]","['low', 'low', 'medium', 'high', 'medium', 'high', 'medium', 'medium', 'high', 'low', 'high', 'low', 'medium', 'medium', 'medium', 'medium', 'medium', 'medium', 'high', 'high', 'medium', 'low', 'low', 'medium']","['L1', 'L1', 'H1', 'H1', 'H1', 'H1', 'L1', 'L1', 'H1', 'L1', 'H1', 'L1', 'H1', 'H1', 'L1', 'L1', 'L1', 'H1', 'H1', 'H1', 'H1', 'L1', 'L1', 'L1']","['I1', 'I2', 'I2', 'I1', 'I1', 'I2', 'I2', 'I1', 'I2', 'I2', 'I1', 'I1', 'I2', 'I1', 'I2', 'I1', 'I1', 'I2', 'I2', 'I1', 'I1', 'I2', 'I1', 'I2']","['L2', 'L2', 'L2', 'H2', 'L2', 'H2', 'H2', 'H2', 'H2', 'L2', 'H2', 'L2', 'L2', 'L2', 'H2', 'H2', 'H2', 'L2', 'H2', 'H2', 'L2', 'L2', 'L2', 'H2']","['low', 'medium', 'high', 'low', 'medium', 'high', 'medium', 'medium']",8,"['T_B_C', 'T_B_S', 'N_B_S', 'N_Y_C', 'N_B_C', 'N_Y_S', 'T_Y_S', 'T_Y_C', 'N_Y_S', 'T_B_S', 'N_Y_C', 'T_B_C', 'N_B_S', 'N_B_C', 'T_Y_S', 'T_Y_C', 'T_Y_C', 'N_B_S', 'N_Y_S', 'N_Y_C', 'N_B_C', 'T_B_S', 'T_B_C', 'T_Y_S']",1,tail,color,shape,Y,B,C,S,N,T,Yes,Square,6.0,Yes, Yellow,4.0,Yes, Having no Tail,4.0
020,"['because it has a rectangular body shape', 'because it has a round body shape', 'because it has a round body shape', 'because it has a round body shape and no tail', 'because it has a rectangular body shape', 'because it has a round body shape and a tail', 'because it has a rectangular body shape, no tail and is blue', 'because it has a tail and is blue', ""because it's yellow and has a tail with a rectangular body"", 'because it has a round body shape, yellow with no tail', ""because it's blue, with a tail and round body"", ""it's blue, rectangular body-shaped with no tail"", ""it's blue, has a rectangular body and tail"", 'it has a round body, blue colored with no tail', 'it is yellow, rectangular shaped body with no tail', 'it is yellow, with a tail and round body', 'it has a rectangular shaped body with a tail', 'it has a rectangular shaped body, blue color and a tail', 'it has a round body shape, blue color and no tail', 'it has a tail, round body and blue color', ""it's yellow with a round body and no tail"", 'it has a rectangular body shape, yellow and no tail', 'it has a round body shape, yellow with a tail', 'it has a rectangular body shape, blue with no tail']",[],"[6.0, 8.0, 7.0, 5.0, 9.0, 6.0, 6.0, 4.0, 3.0, 4.0, 5.0, 2.0, 5.0, 6.0, 3.0, 6.0, 6.0, 6.0, 7.0, 7.0, 5.0, 3.0, 7.0, 3.0]",1032.0333,"['T_Y_C', 'T_Y_S', 'N_Y_S', 'N_B_S', 'N_Y_C', 'T_B_C', 'N_B_C', 'T_B_S']","[4.0, 6.0, 5.0, 5.0, 3.0, 3.0, 3.0, 6.0]","['low', 'medium', 'high', 'medium', 'medium', 'high', 'low', 'medium', 'medium', 'medium', 'high', 'low', 'medium', 'medium', 'low', 'high', 'medium', 'medium', 'medium', 'high', 'medium', 'low', 'high', 'low']","['L2', 'L2', 'H2', 'L2', 'H2', 'H2', 'L2', 'H2', 'H2', 'L2', 'H2', 'L2', 'H2', 'L2', 'L2', 'H2', 'H2', 'H2', 'L2', 'H2', 'L2', 'L2', 'H2', 'L2']","['L1', 'H1', 'H1', 'H1', 'L1', 'H1', 'L1', 'L1', 'L1', 'H1', 'H1', 'L1', 'L1', 'H1', 'L1', 'H1', 'L1', 'L1', 'H1', 'H1', 'H1', 'L1', 'H1', 'L1']","['I2', 'I1', 'I1', 'I2', 'I2', 'I2', 'I1', 'I1', 'I2', 'I2', 'I1', 'I1', 'I1', 'I1', 'I2', 'I2', 'I2', 'I1', 'I1', 'I1', 'I2', 'I2', 'I2', 'I1']","['high', 'medium', 'low', 'low', 'medium', 'high', 'medium', 'medium']",20,"['N_Y_S', 'N_B_C', 'T_B_C', 'N_Y_C', 'T_Y_S', 'T_Y_C', 'N_B_S', 'T_B_S', 'T_Y_S', 'N_Y_C', 'T_B_C', 'N_B_S', 'T_B_S', 'N_B_C', 'N_Y_S', 'T_Y_C', 'T_Y_S', 'T_B_S', 'N_B_C', 'T_B_C', 'N_Y_C', 'N_Y_S', 'T_Y_C', 'N_B_S']",1,shape,tail,color,B,Y,C,S,T,N,Yes,Square,5.0,No,,,No,,
016,"['Because it was hungry', 'It was blue and square', 'It had a tail and was round', 'Yellow and square body', 'It had a blue square body', 'Yellow, round and had a tail', 'Blue tends to eat less', 'Yellow with tails and square bodies seem to eat more', 'Yellow with tail and square body seems to eat more', 'Square and tails eat more', 'It was hungry', 'Tail, but had a round body', 'No tail eats less?', 'No tail, eats less', 'No tail eats less', 'With a tail eats a bit more', 'Square body and tail eats more', 'Tails eat more', 'It was not hungry that day', 'No tail', 'No tail, but was a bit hungry', 'Has a tail and eats more', 'No tail', 'The sperk was hungry']",[],"[3.0, 2.0, 6.0, 7.0, 4.0, 7.0, 3.0, 9.0, 7.0, 9.0, 8.0, 8.0, 3.0, 3.0, 3.0, 4.0, 8.0, 8.0, 3.0, 3.0, 5.0, 6.0, 2.0, 7.0]",301.5612,"['N_B_C', 'T_Y_C', 'N_B_S', 'N_Y_C', 'T_B_S', 'T_Y_S', 'T_B_C', 'N_Y_S']","[2.0, 5.0, 3.0, 2.0, 8.0, 7.0, 5.0, 4.0]","['medium', 'low', 'medium', 'medium', 'medium', 'high', 'low', 'high', 'high', 'medium', 'medium', 'high', 'low', 'medium', 'low', 'medium', 'high', 'high', 'medium', 'low', 'medium', 'medium', 'low', 'medium']","['L1', 'L1', 'H1', 'L1', 'H1', 'H1', 'L1', 'H1', 'H1', 'H1', 'L1', 'H1', 'L1', 'L1', 'L1', 'H1', 'H1', 'H1', 'H1', 'L1', 'L1', 'H1', 'L1', 'L1']","['I2', 'I1', 'I2', 'I1', 'I1', 'I2', 'I2', 'I1', 'I1', 'I1', 'I2', 'I2', 'I1', 'I1', 'I2', 'I2', 'I1', 'I2', 'I2', 'I1', 'I2', 'I1', 'I2', 'I1']","['H2', 'L2', 'L2', 'H2', 'L2', 'H2', 'L2', 'H2', 'H2', 'L2', 'H2', 'H2', 'L2', 'H2', 'L2', 'L2', 'H2', 'H2', 'L2', 'L2', 'H2', 'L2', 'L2', 'H2']","['low', 'high', 'low', 'medium', 'medium', 'high', 'medium', 'medium']",16,"['N_Y_C', 'N_B_S', 'T_B_C', 'N_Y_S', 'T_B_S', 'T_Y_C', 'N_B_C', 'T_Y_S', 'T_Y_S', 'T_B_S', 'N_Y_C', 'T_Y_C', 'N_B_S', 'N_Y_S', 'N_B_C', 'T_B_C', 'T_Y_S', 'T_Y_C', 'T_B_C', 'N_B_S', 'N_Y_C', 'T_B_S', 'N_B_C', 'N_Y_S']",1,tail,color,shape,Y,B,S,C,T,N,Yes,Square,2.0,No,,,Yes,Having a Tail,5.0
005,"['it has a oval belly and can hold more food, shape', 'it has the oval belly and the color blue', 'the square belly holds less food', 'it is oval and blue', 'the square belly is less food than oval, the tail adds more food, the color adds more', 'no tail, color and shape means less food', 'tail adds more food as does shape', 'the shape made it eat less food', 'the shape means less food but color adds more than yellow', 'shape and color adds more food', 'tail added another food to the previous one', 'it i rectangle which means less food', 'it is yellow and no tail', 'it is rectangle which is less food', 'rectangle means less food', 'oval is more food and tail is more food', 'rectangle and no tail means less food', 'tail means more food than the last one', 'oval means more food', 'oval and tail means more food', 'oval means more food but no tail decreases it', 'color is more food and tail is more food', 'no tail means less food than the previous one', 'oval means more food but no tail decreases this']",['interesting study'],"[4.0, 10.0, 3.0, 6.0, 5.0, 3.0, 6.0, 2.0, 4.0, 9.0, 10.0, 5.0, 5.0, 3.0, 4.0, 6.0, 2.0, 4.0, 5.0, 7.0, 4.0, 7.0, 6.0, 7.0]",634.6441,"['N_B_S', 'T_Y_C', 'N_Y_S', 'T_B_C', 'N_B_C', 'T_Y_S', 'N_Y_C', 'T_B_S']","[4.0, 7.0, 3.0, 9.0, 6.0, 4.0, 4.0, 6.0]","['medium', 'high', 'medium', 'high', 'medium', 'low', 'medium', 'low', 'medium', 'high', 'high', 'medium', 'medium', 'low', 'low', 'medium', 'low', 'low', 'medium', 'high', 'medium', 'medium', 'medium', 'high']","['I1', 'I2', 'I1', 'I1', 'I2', 'I1', 'I2', 'I2', 'I2', 'I1', 'I2', 'I1', 'I1', 'I2', 'I1', 'I2', 'I1', 'I2', 'I2', 'I2', 'I1', 'I2', 'I1', 'I1']","['H1', 'H1', 'L1', 'H1', 'L1', 'L1', 'H1', 'L1', 'L1', 'H1', 'H1', 'L1', 'H1', 'L1', 'L1', 'H1', 'L1', 'L1', 'H1', 'H1', 'H1', 'L1', 'L1', 'H1']","['L2', 'H2', 'H2', 'H2', 'H2', 'L2', 'L2', 'L2', 'H2', 'H2', 'H2', 'H2', 'L2', 'L2', 'L2', 'L2', 'L2', 'L2', 'L2', 'H2', 'L2', 'H2', 'H2', 'H2']","['medium', 'medium', 'low', 'high', 'high', 'low', 'medium', 'medium']",5,"['N_Y_C', 'T_B_C', 'N_B_S', 'N_B_C', 'T_B_S', 'N_Y_S', 'T_Y_C', 'T_Y_S', 'T_B_S', 'N_B_C', 'T_B_C', 'N_B_S', 'N_Y_C', 'T_Y_S', 'N_Y_S', 'T_Y_C', 'N_Y_S', 'T_Y_S', 'T_Y_C', 'T_B_C', 'N_Y_C', 'T_B_S', 'N_B_S', 'N_B_C']",1,shape,color,tail,B,Y,C,S,T,N,Yes, Circular,5.0,Yes,Blue,6.0,Yes,Having a Tail,3.0
012,"['that is how much they were given', 'thats how much they were given', 'round shape', 'square body', 'round shape', 'sqaure body', 'red eyes?', 'red eyes and tail', 'yellow color', 'blue color', 'blue color', 'tail', 'round body', 'blue color and square shape', 'blue color', 'red eyes', 'yellow color', 'blue color', 'red eyes no tail', 'blue color and square body', 'tail and red eyes', 'no tail', 'blue color and square body', 'square body']",[],"[3.0, 6.0, 3.0, 5.0, 1.0, 4.0, 5.0, 4.0, 2.0, 6.0, 6.0, 5.0, 4.0, 8.0, 5.0, 5.0, 3.0, 6.0, 4.0, 6.0, 4.0, 4.0, 9.0, 7.0]",256.1768,"['N_B_S', 'T_Y_C', 'N_B_C', 'T_Y_S', 'T_B_C', 'N_Y_S', 'N_Y_C', 'T_B_S']","[6.0, 3.0, 4.0, 5.0, 6.0, 6.0, 3.0, 7.0]","['medium', 'high', 'low', 'medium', 'low', 'high', 'medium', 'medium', 'low', 'high', 'medium', 'medium', 'low', 'high', 'medium', 'medium', 'medium', 'medium', 'low', 'high', 'low', 'medium', 'high', 'medium']","['I1', 'I2', 'I1', 'I2', 'I2', 'I1', 'I1', 'I2', 'I1', 'I1', 'I1', 'I2', 'I2', 'I2', 'I2', 'I1', 'I2', 'I2', 'I1', 'I2', 'I2', 'I1', 'I1', 'I1']","['H1', 'H1', 'L1', 'H1', 'L1', 'H1', 'L1', 'L1', 'L1', 'H1', 'L1', 'H1', 'L1', 'H1', 'L1', 'H1', 'H1', 'L1', 'L1', 'H1', 'L1', 'L1', 'H1', 'H1']","['L2', 'H2', 'L2', 'L2', 'L2', 'H2', 'H2', 'H2', 'L2', 'H2', 'H2', 'L2', 'L2', 'H2', 'H2', 'L2', 'L2', 'H2', 'L2', 'H2', 'L2', 'H2', 'H2', 'L2']","['high', 'low', 'medium', 'medium', 'medium', 'medium', 'low', 'high']",12,"['N_Y_S', 'T_B_S', 'N_Y_C', 'T_Y_S', 'T_Y_C', 'N_B_S', 'N_B_C', 'T_B_C', 'N_Y_C', 'N_B_S', 'N_B_C', 'T_Y_S', 'T_Y_C', 'T_B_S', 'T_B_C', 'N_Y_S', 'T_Y_S', 'T_B_C', 'N_Y_C', 'T_B_S', 'T_Y_C', 'N_B_C', 'N_B_S', 'N_Y_S']",1,shape,color,tail,B,Y,S,C,N,T,Yes,Square,3.0,Yes,Blue,5.0,Yes,Having a Tail,4.0
001,"['The sperk was hungry- no tail, yellow, square = 4', 'the Sperk was hungry, no tail, blue, square = 4', 'No tail, circle, blue =7', 'Tail, blue, circle =9', 'tail, circle yellow =6', 'no tail, yellow circle =5', 'Tail, yellow, square = 2', 'Tail, blue, square = 2', 'Tail, circle, blue = 7 or 9', 'No tail, yellow, circle = 2 or 5', 'Tail, blue, square =6 or 2', 'Tail, Yellow, circle = 5 or 6', 'Tail, Yellow, Square =2 or 4', 'No tail, blue square =4 or 5', 'No tail, yellow, square = 4 or 1', 'No tail, blue, circle =7 or 8', 'No tail, blue, square =4 or 5', 'tail, blue, circle =9,7 or 5', 'Tail, yellow, square = 2 or 4', 'No Tail, yellow, square =4, 1 or 6', 'No tail, yellow, circle =4, 5 or 2', 'No tail, blue, circle = 7', 'Tail, blue, square = 4, 2 or 6', 'tail, yellow, circle =6 or 3']","['I could only do the experiment by keeping notes (tail or no tail, color, shape = how much they ate.\xa0 \xa0No it was not difficult, but interesting']","[4.0, 4.0, 7.0, 9.0, 6.0, 5.0, 2.0, 2.0, 7.0, 2.0, 6.0, 5.0, 4.0, 5.0, 1.0, 8.0, 5.0, 5.0, 2.0, 6.0, 4.0, 7.0, 4.0, 3.0]",904.4418,"['N_Y_C', 'N_Y_S', 'N_B_C', 'T_B_C', 'T_Y_S', 'T_B_S', 'N_B_S', 'T_Y_C']","[3.0, 2.0, 7.0, 7.0, 3.0, 4.0, 4.0, 4.0]","['low', 'medium', 'high', 'high', 'medium', 'medium', 'low', 'medium', 'high', 'medium', 'medium', 'medium', 'low', 'medium', 'low', 'high', 'medium', 'high', 'low', 'low', 'medium', 'high', 'medium', 'medium']","['I1', 'I1', 'I1', 'I2', 'I2', 'I1', 'I2', 'I2', 'I2', 'I1', 'I2', 'I2', 'I2', 'I1', 'I1', 'I1', 'I1', 'I2', 'I2', 'I1', 'I1', 'I1', 'I2', 'I2']","['L1', 'L1', 'H1', 'H1', 'H1', 'H1', 'L1', 'L1', 'H1', 'H1', 'L1', 'H1', 'L1', 'L1', 'L1', 'H1', 'L1', 'H1', 'L1', 'L1', 'H1', 'H1', 'L1', 'H1']","['L2', 'H2', 'H2', 'H2', 'L2', 'L2', 'L2', 'H2', 'H2', 'L2', 'H2', 'L2', 'L2', 'H2', 'L2', 'H2', 'H2', 'H2', 'L2', 'L2', 'L2', 'H2', 'H2', 'L2']","['medium', 'low', 'high', 'high', 'low', 'medium', 'medium', 'medium']",1,"['N_Y_S', 'N_B_S', 'N_B_C', 'T_B_C', 'T_Y_C', 'N_Y_C', 'T_Y_S', 'T_B_S', 'T_B_C', 'N_Y_C', 'T_B_S', 'T_Y_C', 'T_Y_S', 'N_B_S', 'N_Y_S', 'N_B_C', 'N_B_S', 'T_B_C', 'T_Y_S', 'N_Y_S', 'N_Y_C', 'N_B_C', 'T_B_S', 'T_Y_C']",1,shape,color,tail,B,Y,C,S,N,T,No,,,No,,,No,,
006,"['I do not have enough information to make an informed explanation.', 'It would seem that it could be either the square body of lack of tail that makes this Sperk eat less than the previous one.', 'It would seem that the blue color makes this Sperk eat less than the previous two.', 'It seems that it is the yellow color and the square body that make the Sperk eat this much.', 'It must be the color and the presence of the tail that makes this Sperk eat less.', 'The round body makes this spark eat more.', 'Because this Sperk does not have a tail it eats slightly less than this tailed counterparts.', 'The lack of a tail causes this sperk to eat less.', 'This Sperk must have been extra hungry this day.', ""This is consistent with this type of Sperk's eating habits."", 'This Sperk is a little less hungry today.', 'This is similar to what this Sperk normally eats.', 'This is less than I would expect this Sperk to eat. \xa0', 'This is a similar amount to what this kind of Sperk typically eats.', 'This is a similar amount to what this type of Sperk typically eats.', 'This is close to the normal amount this type of Sperk eats, although slightly less.', 'This is higher than I would expect this Sperk to eat. \xa0I guess it is hungry today.', 'This is about average for this type of Sperk.', 'This is an appropriate amount for this type of Sperk to eat.', 'This is inline with what I would expect this Sperk to eat.', 'This is close to what I would expect this Sperk to eat.', 'This is less than I would expect this Sperk to eat. \xa0I should keep an eye on them.', 'This is close to what this Sperk normally eats, although a little less.', 'This Sperk can vary in what it eats. \xa0This is a good average amount for it, however.']",[],"[9.0, 6.0, 4.0, 6.0, 2.0, 7.0, 8.0, 3.0, 8.0, 6.0, 4.0, 5.0, 4.0, 7.0, 2.0, 3.0, 6.0, 5.0, 4.0, 8.0, 3.0, 3.0, 6.0, 6.0]",826.399,"['N_B_C', 'N_Y_C', 'T_Y_C', 'N_B_S', 'N_Y_S', 'T_Y_S', 'T_B_C', 'T_B_S']","[5.0, 7.0, 7.0, 4.0, 5.0, 5.0, 6.0, 3.0]","['high', 'medium', 'low', 'medium', 'low', 'medium', 'high', 'medium', 'medium', 'medium', 'medium', 'medium', 'high', 'high', 'low', 'low', 'medium', 'medium', 'low', 'high', 'low', 'medium', 'high', 'medium']","['I1', 'I2', 'I2', 'I1', 'I1', 'I1', 'I2', 'I2', 'I2', 'I2', 'I1', 'I1', 'I1', 'I2', 'I1', 'I2', 'I2', 'I1', 'I2', 'I1', 'I1', 'I2', 'I2', 'I1']","['H2', 'L2', 'L2', 'L2', 'L2', 'H2', 'H2', 'H2', 'H2', 'L2', 'L2', 'H2', 'H2', 'H2', 'L2', 'L2', 'H2', 'L2', 'L2', 'H2', 'L2', 'L2', 'H2', 'H2']","['H1', 'H1', 'L1', 'H1', 'L1', 'L1', 'H1', 'L1', 'L1', 'H1', 'H1', 'L1', 'H1', 'H1', 'L1', 'L1', 'L1', 'H1', 'L1', 'H1', 'L1', 'H1', 'H1', 'L1']","['medium', 'high', 'high', 'low', 'medium', 'medium', 'medium', 'low']",6,"['T_Y_C', 'N_Y_S', 'N_B_S', 'T_Y_S', 'T_B_S', 'T_B_C', 'N_Y_C', 'N_B_C', 'N_B_C', 'N_Y_S', 'T_Y_S', 'T_B_C', 'T_Y_C', 'N_Y_C', 'T_B_S', 'N_B_S', 'N_B_C', 'T_Y_S', 'N_B_S', 'T_Y_C', 'T_B_S', 'N_Y_S', 'N_Y_C', 'T_B_C']",1,color,shape,tail,Y,B,C,S,N,T,No,,,No,,,No,,
003,"['hes a blue sqaure', 'they are yellow', 'they are circle', 'they are square with a tail\xa0', 'they are yellow square and have a tail\xa0', 'they are circle', 'they are a circle with a tail', 'they are a blue circle with a tail\xa0', 'they have a tail', 'hes a square', 'they have a tail', 'they have a tail', 'they are circle with no tail\xa0', 'they are a circle with no tail', 'they are square and have a tail', 'they have no tail', 'they are square with a tail', 'they have a tail', 'they are square with a tail but yellow', 'they are a circle but have no tail', 'they are circle with a tail', 'they are square but do not have a tail', 'they are yellow circle', 'they are blue circle with a tail']",[],"[5.0, 4.0, 2.0, 5.0, 8.0, 1.0, 4.0, 6.0, 6.0, 7.0, 5.0, 6.0, 1.0, 2.0, 7.0, 3.0, 4.0, 10.0, 4.0, 4.0, 4.0, 3.0, 6.0, 4.0]",343.0526,"['N_B_S', 'T_Y_S', 'T_B_S', 'T_B_C', 'N_Y_C', 'T_Y_C', 'N_Y_S', 'N_B_C']","[7.0, 8.0, 9.0, 6.0, 2.0, 5.0, 5.0, 3.0]","['medium', 'medium', 'low', 'high', 'high', 'low', 'medium', 'medium', 'medium', 'medium', 'medium', 'high', 'low', 'low', 'high', 'medium', 'medium', 'high', 'high', 'low', 'medium', 'medium', 'low', 'medium']","['L1', 'L1', 'L1', 'H1', 'H1', 'L1', 'H1', 'H1', 'H1', 'L1', 'H1', 'H1', 'L1', 'L1', 'H1', 'L1', 'L1', 'H1', 'H1', 'L1', 'H1', 'L1', 'L1', 'H1']","['H2', 'H2', 'L2', 'H2', 'H2', 'L2', 'L2', 'L2', 'L2', 'H2', 'L2', 'H2', 'L2', 'L2', 'H2', 'H2', 'H2', 'H2', 'H2', 'L2', 'L2', 'H2', 'L2', 'L2']","['I2', 'I1', 'I1', 'I2', 'I1', 'I2', 'I1', 'I2', 'I1', 'I1', 'I2', 'I1', 'I1', 'I2', 'I2', 'I2', 'I1', 'I2', 'I1', 'I2', 'I1', 'I2', 'I1', 'I2']","['medium', 'high', 'high', 'medium', 'low', 'medium', 'medium', 'low']",3,"['N_B_S', 'N_Y_S', 'N_Y_C', 'T_B_S', 'T_Y_S', 'N_B_C', 'T_Y_C', 'T_B_C', 'T_Y_C', 'N_Y_S', 'T_B_C', 'T_Y_S', 'N_Y_C', 'N_B_C', 'T_B_S', 'N_B_S', 'N_Y_S', 'T_B_S', 'T_Y_S', 'N_B_C', 'T_Y_C', 'N_B_S', 'N_Y_C', 'T_B_C']",0,tail,shape,color,Y,B,S,C,T,N,Yes,Square,5.0,Yes,Blue,3.0,Yes,Having a Tail,5.0
013,"['Square shape bodies have more volume to fill than round bodies so they need more food', 'Yellow sperks are more active and eat more.', 'The absence of a tail means they have a larger appetite.', 'The round shape combine with blue color sperks require more food.', 'Combining the round shape, blue color, and no tail all lead to a larger food need', 'Yellow, with a square body and tail are all traits leading to less food need.', 'No tail means more food need while the square body and yellow color are associate with less food.', 'No tail and blue color is associated with more food need while the square body reduces need', 'The lack of tail means more food needed while the square body means less.\xa0 \xa0Uncertain now how color influences.', 'The blue color and no tail require more food while the square shape requires les.', 'The no tail is the major factor increasing food while the Blue and round combo deceases it.', 'The tail increases food need but the square shape reduces it.', 'All three traits are associated with less food needs.', 'The blue color and shape increase needs but the presence of a tail is the strongest factor decreasing needs.', 'The yellow color and tail mean less food needs while the round shape indicates more need.', 'All three characteristics are associated with more food needs.', 'This might be an outlier as it is higher than previous instances of this combination.\xa0 The tail and shape have been associated with less food previously while the blue with more.', 'All three characteristics have been associated with less food needs.', '2 of 3 characteristics are associated with more food while the color is associated with less.', 'The color and shape increase needs while the tail reduces needs leading to a moderate need.', 'The lack of tail and the blue color is associated with more food while the shape is associate with less.', 'Only the shape is associated with more food while the most important attribute, the tail, is associated with less.', 'The lack of tail is the only individual characteristic associated with more food but perhaps the yellow color and square body is a combination that needs more food or perhaps it is an outlier.']",[],"[4.0, 4.0, 5.0, 6.0, 9.0, 1.0, 3.0, 5.0, 4.0, 6.0, 7.0, 4.0, 5.0, 1.0, 3.0, 2.0, 7.0, 8.0, 1.0, 4.0, 4.0, 9.0, 2.0, 8.0]",1789.2449,"['T_Y_C', 'T_Y_S', 'N_Y_S', 'N_B_C', 'N_Y_C', 'N_B_S', 'T_B_S', 'T_B_C']","[2.0, 1.0, 6.0, 9.0, 6.0, 5.0, 2.0, 3.0]","['medium', 'low', 'medium', 'medium', 'high', 'low', 'medium', 'high', 'medium', 'medium', 'high', 'high', 'medium', 'low', 'medium', 'low', 'high', 'medium', 'low', 'medium', 'medium', 'high', 'low', 'medium']","['L1', 'L1', 'H1', 'L1', 'H1', 'L1', 'H1', 'H1', 'H1', 'H1', 'H1', 'H1', 'L1', 'L1', 'L1', 'L1', 'H1', 'L1', 'L1', 'H1', 'L1', 'H1', 'L1', 'H1']","['I2', 'I1', 'I1', 'I1', 'I1', 'I2', 'I2', 'I2', 'I1', 'I2', 'I2', 'I1', 'I2', 'I2', 'I1', 'I1', 'I1', 'I2', 'I2', 'I1', 'I1', 'I2', 'I1', 'I2']","['H2', 'L2', 'L2', 'H2', 'H2', 'L2', 'L2', 'H2', 'L2', 'L2', 'H2', 'H2', 'H2', 'L2', 'H2', 'L2', 'H2', 'H2', 'L2', 'L2', 'H2', 'H2', 'L2', 'L2']","['low', 'low', 'medium', 'high', 'medium', 'high', 'medium', 'medium']",13,"['T_B_S', 'T_Y_C', 'N_Y_C', 'T_B_C', 'N_B_C', 'T_Y_S', 'N_Y_S', 'N_B_S', 'N_Y_C', 'N_Y_S', 'N_B_S', 'N_B_C', 'T_B_S', 'T_Y_S', 'T_B_C', 'T_Y_C', 'N_B_C', 'T_B_S', 'T_Y_S', 'N_Y_C', 'T_B_C', 'N_B_S', 'T_Y_C', 'N_Y_S']",1,tail,color,shape,B,Y,S,C,N,T,Yes, Circular,3.0,Yes,Blue,2.0,Yes, Having no Tail,5.0
004,"['he is round & blue with a tail', 'he is square with no tail', 'he is yellow and square with no tail', 'he is round and yellow with tail', 'round no tail', 'square tail', 'round no tail', 'yellow square tail', 'blue', 'yellow', 'yellow round with tail', 'round no tail yellow sperk', 'blue square', 'blue with tail', 'yellow square no tail', 'blue', 'blue no tail', 'square tail', 'yellow round', 'blue tail', 'blue round tail', 'yellow', 'square', 'square']",['I take a lot of surveys and this one had a lot of unique elements. the task seemed hard because there was no true reason why they ate that amount so I gave up trying to figre it out.'],"[3.0, 7.0, 5.0, 6.0, 6.0, 5.0, 7.0, 7.0, 1.0, 5.0, 8.0, 4.0, 4.0, 3.0, 8.0, 3.0, 5.0, 5.0, 6.0, 6.0, 4.0, 4.0, 8.0, 5.0]",259.7396,"['N_B_S', 'T_Y_S', 'T_B_C', 'T_B_S', 'T_Y_C', 'N_B_C', 'N_Y_S', 'N_Y_C']","[4.0, 7.0, 5.0, 6.0, 6.0, 3.0, 5.0, 3.0]","['low', 'medium', 'high', 'medium', 'low', 'medium', 'medium', 'high', 'low', 'high', 'medium', 'medium', 'medium', 'medium', 'high', 'low', 'low', 'high', 'medium', 'medium', 'low', 'medium', 'high', 'medium']","['I2', 'I1', 'I1', 'I2', 'I1', 'I2', 'I1', 'I2', 'I1', 'I2', 'I2', 'I1', 'I1', 'I2', 'I1', 'I2', 'I1', 'I2', 'I1', 'I2', 'I2', 'I2', 'I1', 'I1']","['L1', 'H1', 'H1', 'L1', 'L1', 'H1', 'L1', 'H1', 'L1', 'H1', 'L1', 'L1', 'H1', 'H1', 'H1', 'L1', 'L1', 'H1', 'L1', 'H1', 'L1', 'L1', 'H1', 'H1']","['L2', 'L2', 'H2', 'H2', 'L2', 'L2', 'H2', 'H2', 'L2', 'H2', 'H2', 'H2', 'L2', 'L2', 'H2', 'L2', 'L2', 'H2', 'H2', 'L2', 'L2', 'H2', 'H2', 'L2']","['medium', 'high', 'low', 'medium', 'medium', 'low', 'high', 'medium']",4,"['T_B_C', 'N_B_S', 'N_Y_S', 'T_Y_C', 'N_B_C', 'T_B_S', 'N_Y_C', 'T_Y_S', 'N_B_C', 'T_Y_S', 'T_Y_C', 'N_Y_C', 'N_B_S', 'T_B_S', 'N_Y_S', 'T_B_C', 'N_B_C', 'T_Y_S', 'N_Y_C', 'T_B_S', 'T_B_C', 'T_Y_C', 'N_Y_S', 'N_B_S']",1,shape,color,tail,Y,B,S,C,N,T,No,,,No,,,No,,
014,"[""I don't know."", ""Maybe because it's blue."", ""Maybe because it's yellow."", ""Probably because it's yellow."", ""Probably because it's blue."", 'Maybe because it has a square body.', ""Maybe because it's blue."", 'Because it is yellow.', 'Because it is blue and missing tail.', 'Because it is blue and has a tail.', 'Because it is yellow with a square body.', ""I don't know."", 'Maybe because it is blue with a round body and a tail.', 'Because it is blue with a round body and lacking a tail.', 'Because it is yellow with a round body without a tail.', 'Because it is yellow with a square body and lacking a tail.', 'Because it is blue with a square body and lacking a tail.', 'Because it is yellow with a round body and lacking\xa0 tail.', 'Because it is blue with a round body with a tail.', ""Because it's blue with a round body and lacking a tail."", ""Because it's blue with a square body and a tail."", ""Because it's yellow with a square body and lacking a tail."", ""Because it's yellow with a round body and a tail."", ""Because it's yellow with a square body and a tail.""]",[],"[4.0, 5.0, 4.0, 4.0, 5.0, 8.0, 4.0, 4.0, 3.0, 4.0, 7.0, 1.0, 1.0, 2.0, 6.0, 9.0, 5.0, 4.0, 1.0, 5.0, 4.0, 7.0, 4.0, 3.0]",517.8967,"['T_Y_S', 'N_B_S', 'N_B_C', 'N_Y_S', 'T_Y_C', 'N_Y_C', 'T_B_C', 'T_B_S']","[6.0, 6.0, 2.0, 6.0, 4.0, 2.0, 4.0, 6.0]","['high', 'low', 'medium', 'medium', 'medium', 'high', 'medium', 'low', 'high', 'medium', 'medium', 'low', 'low', 'medium', 'medium', 'high', 'high', 'medium', 'low', 'medium', 'medium', 'high', 'low', 'medium']","['H2', 'L2', 'L2', 'H2', 'H2', 'H2', 'L2', 'L2', 'H2', 'L2', 'L2', 'L2', 'L2', 'H2', 'H2', 'H2', 'H2', 'H2', 'L2', 'H2', 'L2', 'H2', 'L2', 'L2']","['H1', 'L1', 'H1', 'L1', 'L1', 'H1', 'H1', 'L1', 'H1', 'H1', 'H1', 'L1', 'L1', 'L1', 'L1', 'H1', 'H1', 'L1', 'L1', 'L1', 'H1', 'H1', 'L1', 'H1']","['I1', 'I2', 'I1', 'I1', 'I2', 'I2', 'I2', 'I1', 'I2', 'I2', 'I1', 'I1', 'I2', 'I2', 'I1', 'I1', 'I2', 'I1', 'I2', 'I2', 'I2', 'I1', 'I1', 'I1']","['medium', 'high', 'medium', 'high', 'low', 'medium', 'low', 'medium']",14,"['N_Y_S', 'T_B_C', 'T_Y_S', 'N_Y_C', 'N_B_C', 'N_B_S', 'T_B_S', 'T_Y_C', 'N_B_S', 'T_B_S', 'T_Y_S', 'T_Y_C', 'T_B_C', 'N_B_C', 'N_Y_C', 'N_Y_S', 'N_B_S', 'N_Y_C', 'T_B_C', 'N_B_C', 'T_B_S', 'N_Y_S', 'T_Y_C', 'T_Y_S']",1,shape,tail,color,Y,B,S,C,N,T,Yes,Square,4.0,No,,,Yes,Having a Tail,4.0
009,"['Maybe it ate 6 people it is blue and circular.', 'Square sperks eat less.', 'Yellows with no tails eat more', 'Blue and round sperks eat 6', 'Round sperks eat 6', 'Round sperks eat a lot and tails decrease the amount of food eaten??', 'Square sperks seem to eat around 3-4 food items.', 'The sperk is square', 'The sperk is round', 'The sperk is square', 'The sperk is round\xa0', 'It is round', 'The sperk is blue with no tail or maybe it was random that it ate that much.', 'Being square with no tail makes you eat a lot.', 'squares with tails eat 3-5', 'Round sperks eat around 5-6', 'Round sperks eat approximately 6 food', 'square sperks with tails eat around 2-3', 'round sperks eat 5-6', 'square sperks with no tails eat 6-8', 'round sperks with tails eat around 4', 'square sperks with no tails eat around 3-4', 'square sperks eat around 4', 'round sperks with no tails eat 7ish food']","['It was pretty tricky, but fun.\xa0']","[6.0, 1.0, 4.0, 6.0, 6.0, 4.0, 3.0, 5.0, 5.0, 3.0, 7.0, 6.0, 7.0, 8.0, 4.0, 5.0, 6.0, 2.0, 6.0, 6.0, 4.0, 4.0, 4.0, 8.0]",380.1579,"['N_Y_C', 'T_B_C', 'N_B_S', 'N_B_C', 'T_Y_S', 'N_Y_S', 'T_Y_C', 'T_B_S']","[6.0, 6.0, 8.0, 6.0, 3.0, 8.0, 6.0, 4.0]","['medium', 'low', 'medium', 'high', 'high', 'medium', 'medium', 'low', 'medium', 'low', 'high', 'medium', 'medium', 'medium', 'low', 'high', 'medium', 'low', 'high', 'medium', 'medium', 'medium', 'low', 'high']","['L2', 'L2', 'H2', 'H2', 'H2', 'L2', 'H2', 'L2', 'L2', 'L2', 'H2', 'L2', 'H2', 'H2', 'L2', 'H2', 'L2', 'L2', 'H2', 'H2', 'L2', 'H2', 'L2', 'H2']","['H1', 'L1', 'L1', 'H1', 'H1', 'H1', 'L1', 'L1', 'H1', 'L1', 'H1', 'H1', 'L1', 'L1', 'L1', 'H1', 'H1', 'L1', 'H1', 'L1', 'H1', 'L1', 'L1', 'H1']","['I2', 'I1', 'I1', 'I2', 'I1', 'I1', 'I2', 'I2', 'I1', 'I1', 'I2', 'I2', 'I2', 'I1', 'I2', 'I1', 'I1', 'I2', 'I2', 'I2', 'I2', 'I1', 'I1', 'I1']","['high', 'medium', 'medium', 'high', 'low', 'medium', 'medium', 'low']",9,"['T_B_C', 'T_Y_S', 'N_Y_S', 'N_B_C', 'N_Y_C', 'T_Y_C', 'N_B_S', 'T_B_S', 'T_Y_C', 'T_Y_S', 'N_B_C', 'T_B_C', 'N_B_S', 'N_Y_S', 'T_B_S', 'N_Y_C', 'T_Y_C', 'T_B_S', 'N_B_C', 'N_B_S', 'T_B_C', 'N_Y_S', 'T_Y_S', 'N_Y_C']",1,shape,tail,color,B,Y,C,S,N,T,Yes, Circular,3.0,No,,,Yes, Having no Tail,6.0
007,"['This sperk ate this amount of food because of his shape.', 'This sperk has eaten this amount of food based on his color and not having a tail.', 'This sperk has eaten this amount of food based on his shape and color.', 'This sperk has eaten this amount of food based on having a tale and his shape.', 'This sperk has eaten this amount of food based on not having a tail.', 'This sperk has eaten this amount of food based on not having a tail.', 'This sperk has eaten this amount of food based on having a tail.', 'This sperk has eaten this amount of food based on his color and shape.', 'This sperk has eaten this amount of food based on his shape and color.', 'This sperk has eaten this amount of food based on his shape color and tail.', 'This sperk has eaten this amount of food based on his shape and color.', 'This sperk has eaten this amount of food based on his color and shape.', 'This sperk has eaten this amount of food based on his shape color and his tail.', 'This sperk has eaten this amount of food due to him not having a tail.', 'This sperk has eaten this amount of food based on him having a tail.', 'This sperk has eaten this amount of food based on his color and that he has a tail.', 'This sperk has eaten this amount of food based on his color and shape and not having a tail.', 'This sperk has eaten this amount of food based on his color and not having a tail.', 'This sperk has eaten this amount of food based on not having a tail his shape and his color.', 'This sperk has eaten this amount of food based on his color shape and tail.', 'This sperk has eaten this amount of food based on his color.', 'This sperk has eaten this amount of food based on his shape and having a tail.', 'This sperk has eaten this amount of food based on his shape color and having a tail.', 'This sperk has eaten this amount based on his color and shape.']",[],"[2.0, 6.0, 7.0, 2.0, 6.0, 6.0, 3.0, 9.0, 4.0, 7.0, 5.0, 4.0, 3.0, 7.0, 3.0, 6.0, 6.0, 4.0, 3.0, 8.0, 3.0, 7.0, 4.0, 5.0]",606.0786,"['N_Y_S', 'T_B_C', 'N_B_C', 'T_Y_C', 'T_Y_S', 'N_B_S', 'N_Y_C', 'T_B_S']","[3.0, 3.0, 4.0, 6.0, 6.0, 6.0, 4.0, 4.0]","['medium', 'medium', 'high', 'low', 'medium', 'low', 'medium', 'high', 'low', 'medium', 'high', 'medium', 'medium', 'medium', 'low', 'high', 'high', 'medium', 'low', 'high', 'low', 'medium', 'medium', 'medium']","['I1', 'I2', 'I2', 'I1', 'I2', 'I2', 'I1', 'I1', 'I2', 'I1', 'I2', 'I2', 'I1', 'I2', 'I1', 'I1', 'I2', 'I2', 'I2', 'I1', 'I1', 'I1', 'I1', 'I2']","['L1', 'L1', 'H1', 'L1', 'H1', 'L1', 'H1', 'H1', 'L1', 'L1', 'H1', 'L1', 'H1', 'H1', 'L1', 'H1', 'H1', 'H1', 'L1', 'H1', 'L1', 'H1', 'L1', 'L1']","['H2', 'H2', 'H2', 'L2', 'L2', 'L2', 'L2', 'H2', 'L2', 'H2', 'H2', 'H2', 'L2', 'L2', 'L2', 'H2', 'H2', 'L2', 'L2', 'H2', 'L2', 'L2', 'H2', 'H2']","['low', 'high', 'high', 'medium', 'low', 'medium', 'medium', 'medium']",7,"['T_B_S', 'N_B_S', 'N_B_C', 'T_Y_S', 'N_Y_C', 'N_Y_S', 'T_Y_C', 'T_B_C', 'N_Y_S', 'T_B_S', 'N_B_C', 'N_B_S', 'T_Y_C', 'N_Y_C', 'T_Y_S', 'T_B_C', 'N_B_C', 'N_Y_C', 'N_Y_S', 'T_B_C', 'T_Y_S', 'T_Y_C', 'T_B_S', 'N_B_S']",1,shape,color,tail,B,Y,C,S,N,T,Yes,Square,4.0,Yes,Blue,2.0,Yes, Having no Tail,2.0
011,"['looks like they were hungry that day', ""they weren't as hungry"", 'they were active and hungry', 'it was a hungry day for them', ""maybe they didn't feel good"", 'they had an average activity day so they ate average', ""they weren't very hungry that day"", 'they were growing and very hungry', ""seems like yellows don't like as much food"", 'they were active and hungry', 'they were not feeling good', ""they didn't need that much food"", 'blue circular seem to be hungry', 'blue without a tail seem to eat a little less', 'yellow square with a tail eat even less', 'blues seem to eat more', 'blue circular seem to eat even more', 'blue square without a tail eat averag amounts', 'blue square eat average amounts', 'yellow circular eat smaller amounts', 'yellow without a tail eat average amounts', 'seems that the ones with tails eat average amounts', 'yellow eat average amounts', 'yellow square eats alot']",['All information was clear.\xa0'],"[7.0, 4.0, 7.0, 7.0, 3.0, 5.0, 4.0, 8.0, 4.0, 7.0, 4.0, 3.0, 8.0, 6.0, 1.0, 7.0, 8.0, 5.0, 4.0, 3.0, 5.0, 4.0, 5.0, 6.0]",452.2856,"['T_Y_S', 'T_B_S', 'N_Y_C', 'N_B_C', 'N_B_S', 'T_Y_C', 'N_Y_S', 'T_B_C']","[7.0, 6.0, 3.0, 6.0, 7.0, 5.0, 6.0, 7.0]","['medium', 'low', 'medium', 'high', 'medium', 'low', 'medium', 'high', 'medium', 'high', 'low', 'medium', 'medium', 'medium', 'low', 'high', 'high', 'medium', 'low', 'medium', 'high', 'medium', 'medium', 'low']","['H2', 'L2', 'H2', 'H2', 'L2', 'L2', 'L2', 'H2', 'H2', 'H2', 'L2', 'L2', 'L2', 'H2', 'L2', 'H2', 'H2', 'H2', 'L2', 'L2', 'H2', 'L2', 'H2', 'L2']","['L1', 'L1', 'L1', 'H1', 'H1', 'L1', 'H1', 'H1', 'L1', 'H1', 'L1', 'H1', 'H1', 'L1', 'L1', 'H1', 'H1', 'L1', 'L1', 'H1', 'H1', 'H1', 'L1', 'L1']","['I2', 'I2', 'I1', 'I2', 'I2', 'I1', 'I1', 'I1', 'I2', 'I2', 'I1', 'I2', 'I1', 'I1', 'I2', 'I1', 'I1', 'I1', 'I1', 'I2', 'I2', 'I1', 'I2', 'I2']","['low', 'low', 'high', 'high', 'medium', 'medium', 'medium', 'medium']",11,"['N_Y_S', 'T_Y_S', 'N_B_S', 'N_Y_C', 'T_Y_C', 'T_B_S', 'T_B_C', 'N_B_C', 'N_Y_S', 'N_Y_C', 'T_B_S', 'T_Y_C', 'T_B_C', 'N_B_S', 'T_Y_S', 'N_B_C', 'N_B_C', 'N_B_S', 'T_B_S', 'T_Y_C', 'N_Y_C', 'T_B_C', 'N_Y_S', 'T_Y_S']",1,shape,tail,color,B,Y,C,S,N,T,Yes,Square,3.0,Yes,Blue,5.0,No,,
017,"['Yellow color and square body', 'blue color and circle body', 'circle\xa0 body and tail', 'blue color and square body', 'tail', 'yellow and circle body', 'yellow and square body', 'square body with tail', 'square body with tail', 'circle body with no tail', 'square body with tail', 'square body wit no tail', 'square body with no tail', 'circle body with tail', 'circle body with tail', 'circle body with no tail', 'square body with tail', 'circle body with no tail', 'square body with no tail', 'square body with tail', 'square body with no tail', 'circle body with tail', 'circle body, no tail', 'circle body with tail']",[],"[7.0, 3.0, 3.0, 4.0, 5.0, 4.0, 7.0, 9.0, 8.0, 2.0, 7.0, 7.0, 7.0, 6.0, 6.0, 4.0, 6.0, 3.0, 5.0, 7.0, 7.0, 4.0, 4.0, 6.0]",299.3371,"['N_Y_C', 'N_Y_S', 'T_Y_C', 'N_B_S', 'T_B_C', 'N_B_C', 'T_B_S', 'T_Y_S']","[3.0, 6.0, 5.0, 6.0, 4.0, 3.0, 7.0, 7.0]","['medium', 'low', 'medium', 'medium', 'medium', 'low', 'high', 'high', 'high', 'low', 'high', 'medium', 'medium', 'medium', 'medium', 'low', 'high', 'low', 'medium', 'high', 'medium', 'medium', 'low', 'medium']","['L1', 'L1', 'H1', 'L1', 'H1', 'L1', 'H1', 'H1', 'H1', 'L1', 'H1', 'L1', 'L1', 'H1', 'H1', 'L1', 'H1', 'L1', 'L1', 'H1', 'L1', 'H1', 'L1', 'H1']","['H2', 'L2', 'L2', 'H2', 'L2', 'L2', 'H2', 'H2', 'H2', 'L2', 'H2', 'H2', 'H2', 'L2', 'L2', 'L2', 'H2', 'L2', 'H2', 'H2', 'H2', 'L2', 'L2', 'L2']","['I1', 'I2', 'I1', 'I2', 'I2', 'I1', 'I1', 'I2', 'I1', 'I1', 'I2', 'I2', 'I1', 'I2', 'I1', 'I2', 'I1', 'I2', 'I1', 'I2', 'I2', 'I2', 'I1', 'I1']","['low', 'medium', 'medium', 'medium', 'medium', 'low', 'high', 'high']",17,"['N_Y_S', 'N_B_C', 'T_Y_C', 'N_B_S', 'T_B_C', 'N_Y_C', 'T_Y_S', 'T_B_S', 'T_Y_S', 'N_Y_C', 'T_B_S', 'N_B_S', 'N_Y_S', 'T_B_C', 'T_Y_C', 'N_B_C', 'T_Y_S', 'N_B_C', 'N_Y_S', 'T_B_S', 'N_B_S', 'T_B_C', 'N_Y_C', 'T_Y_C']",1,tail,shape,color,B,Y,S,C,T,N,Yes,Square,5.0,Yes, Yellow,2.0,Yes,Having a Tail,3.0
010,"['because he is blue', 'because he has a curly tail', 'because curly tail\xa0', 'because he has no tail\xa0', 'because he’s yellow', 'blue', 'square', 'because curly tail', 'no tail', 'because yellow', 'because he is blue and no tail', 'because he is blue and curly tail', 'because blue and circle', 'because he’s yellow and no tail', 'because yellow circle and no tail', 'because blue, square and no tail', 'because yellow circle and curly tail', 'because yellow curly tail and square', 'because no tail blue and circle']","['that last question that asked what the experiment was about, I clicked the answer to the previous question and it didn’t load so I tapped again and it accidentally answered that question.\xa0the experiment was about how much food the sparks eat depending on characteristics']","[6.0, 3.0, 3.0, 4.0, 4.0, 1.0, 5.0, 6.0, 2.0, 6.0, 6.0, 1.0, 6.0, 6.0, 7.0, 8.0, 5.0, 4.0, 6.0, 4.0, 7.0, 2.0, 4.0, 4.0]",611.43,"['N_B_S', 'T_Y_S', 'N_B_C', 'T_B_C', 'T_B_S', 'N_Y_C', 'T_Y_C', 'N_Y_S']","[6.0, 5.0, 6.0, 2.0, 6.0, 6.0, 2.0, 6.0]","['high', 'medium', 'low', 'medium', 'medium', 'low', 'medium', 'high', 'low', 'medium', 'medium', 'low', 'medium', 'high', 'high', 'medium', 'medium', 'low', 'high', 'medium', 'high', 'low', 'medium', 'medium']","['H1', 'L1', 'L1', 'H1', 'H1', 'L1', 'L1', 'H1', 'L1', 'L1', 'H1', 'L1', 'L1', 'H1', 'H1', 'H1', 'L1', 'L1', 'H1', 'H1', 'H1', 'L1', 'L1', 'H1']","['H2', 'H2', 'L2', 'L2', 'L2', 'L2', 'H2', 'H2', 'L2', 'H2', 'L2', 'L2', 'H2', 'H2', 'H2', 'L2', 'H2', 'L2', 'H2', 'L2', 'H2', 'L2', 'H2', 'L2']","['I2', 'I2', 'I1', 'I2', 'I1', 'I2', 'I1', 'I1', 'I1', 'I2', 'I1', 'I2', 'I1', 'I2', 'I1', 'I2', 'I2', 'I2', 'I1', 'I1', 'I2', 'I1', 'I1', 'I2']","['high', 'medium', 'medium', 'low', 'medium', 'medium', 'low', 'high']",10,"['N_B_S', 'T_B_S', 'T_Y_C', 'N_B_C', 'N_Y_C', 'T_B_C', 'T_Y_S', 'N_Y_S', 'T_Y_C', 'T_B_S', 'N_Y_C', 'T_B_C', 'T_Y_S', 'N_B_S', 'N_Y_S', 'N_B_C', 'T_B_S', 'T_B_C', 'N_Y_S', 'N_Y_C', 'N_B_S', 'T_Y_C', 'T_Y_S', 'N_B_C']",0,tail,shape,color,Y,B,S,C,N,T,No,,,Yes,Blue,5.0,Yes, Having no Tail,4.0
002,"['The sperk ate that amount of food because he is round.', 'The sperk at that much food because he is square', 'The sperk ate that amount of food because he is yellow.', 'The sperk ate that much food because he is yellow.', 'The sperk ate that much because he is square.', 'The sperk ate that much because he has a tail.', 'The sperk ate that much because he is yellow.', 'The sperk ate that much because he does not have a tail.', 'The sperk at that much because he is square and has a tail.', 'The sperk ate that much because he is yellow.', 'The sperk ate that much because he has no tail', 'The sperk at that much because he is blue and has a tail', 'The sperk ate that much because he is yellow and has a tail', 'The sperk at that much because he has no tail.', 'The sperk ate that much\xa0 because he has a tail.', 'The sperk ate that much because he is yellow', 'The sperk at that much because he is yellow', 'The sperk ate that much because he is yellow and has a tail.', 'The sperk ate that much because he is yellow and has a tail.', 'The sperk ate that much because he does not have a tail.', 'The sperk ate that much because he has a tail', 'The sperk ate that much because he has no tail and is blue', 'The sperk ate that much because he is round', 'The sperk ate that much because he has a tail.']",[],"[3.0, 6.0, 1.0, 6.0, 6.0, 5.0, 5.0, 2.0, 10.0, 6.0, 3.0, 5.0, 6.0, 3.0, 6.0, 5.0, 5.0, 7.0, 7.0, 3.0, 6.0, 3.0, 5.0, 6.0]",481.0855,"['N_B_S', 'T_Y_S', 'T_B_C', 'T_Y_C', 'N_B_C', 'N_Y_S', 'N_Y_C', 'T_B_S']","[3.0, 10.0, 4.0, 6.0, 2.0, 5.0, 4.0, 6.0]","['medium', 'medium', 'low', 'high', 'high', 'medium', 'medium', 'low', 'high', 'low', 'medium', 'high', 'medium', 'low', 'medium', 'medium', 'medium', 'medium', 'high', 'low', 'medium', 'medium', 'low', 'high']","['H1', 'L1', 'L1', 'H1', 'H1', 'H1', 'L1', 'L1', 'H1', 'L1', 'L1', 'H1', 'H1', 'L1', 'H1', 'L1', 'L1', 'H1', 'H1', 'L1', 'H1', 'L1', 'L1', 'H1']","['L2', 'H2', 'L2', 'H2', 'H2', 'L2', 'H2', 'L2', 'H2', 'L2', 'H2', 'H2', 'L2', 'L2', 'L2', 'H2', 'H2', 'L2', 'H2', 'L2', 'L2', 'H2', 'L2', 'H2']","['I1', 'I1', 'I2', 'I2', 'I1', 'I2', 'I2', 'I1', 'I2', 'I2', 'I1', 'I1', 'I2', 'I1', 'I1', 'I2', 'I2', 'I2', 'I2', 'I2', 'I1', 'I1', 'I1', 'I1']","['medium', 'high', 'medium', 'medium', 'low', 'medium', 'low', 'high']",2,"['T_B_C', 'N_B_S', 'N_Y_C', 'T_Y_S', 'T_B_S', 'T_Y_C', 'N_Y_S', 'N_B_C', 'T_Y_S', 'N_Y_C', 'N_B_S', 'T_B_S', 'T_Y_C', 'N_B_C', 'T_B_C', 'N_Y_S', 'N_Y_S', 'T_Y_C', 'T_Y_S', 'N_Y_C', 'T_B_C', 'N_B_S', 'N_B_C', 'T_B_S']",1,tail,shape,color,Y,B,S,C,T,N,Yes,Square,5.0,Yes, Yellow,3.0,Yes,Having a Tail,6.0
