participant,task,relevant_dim_1,relevant_dim_2,irrelevant_dim,wing_high,color_high,tail_high,wing_discrete_slider.response,feature_dimension,feature_importance,feature_relevance,wing_relevant,wing_response
1,accommodate,tail,color,wing,0,B,S,Yes,wing,6.0,irrelevant,0,1
2,accommodate,color,wing,tail,0,Y,C,Yes,wing,6.0,relevant,1,1
3,accommodate,color,tail,wing,1,B,S,No,wing,0.0,irrelevant,0,0
4,accommodate,color,tail,wing,1,B,S,Yes,wing,5.0,irrelevant,0,1
5,accommodate,color,tail,wing,0,B,S,Yes,wing,7.0,irrelevant,0,1
6,accommodate,color,tail,wing,0,B,S,Yes,wing,4.0,irrelevant,0,1
7,accommodate,tail,wing,color,1,Y,C,Yes,wing,6.0,relevant,1,1
8,accommodate,tail,color,wing,1,B,S,No,wing,0.0,irrelevant,0,0
9,accommodate,tail,wing,color,1,Y,C,Yes,wing,-5.0,relevant,1,1
10,accommodate,color,tail,wing,1,B,S,Yes,wing,4.0,irrelevant,0,1
11,accommodate,wing,tail,color,1,B,C,Yes,wing,6.0,relevant,1,1
12,accommodate,tail,color,wing,1,B,S,Yes,wing,-4.0,irrelevant,0,1
13,accommodate,wing,tail,color,1,Y,C,Yes,wing,6.0,relevant,1,1
14,accommodate,color,wing,tail,0,Y,C,Yes,wing,3.0,relevant,1,1
15,accommodate,color,wing,tail,0,Y,C,Yes,wing,-5.0,relevant,1,1
16,accommodate,tail,color,wing,1,B,S,Yes,wing,-3.0,irrelevant,0,1
17,accommodate,tail,wing,color,1,B,C,Yes,wing,2.0,relevant,1,1
18,accommodate,wing,color,tail,0,Y,C,Yes,wing,-5.0,relevant,1,1
19,accommodate,color,tail,wing,1,B,S,Yes,wing,6.0,irrelevant,0,1
20,accommodate,color,tail,wing,1,B,S,Yes,wing,1.0,irrelevant,0,1
21,accommodate,color,wing,tail,0,Y,C,Yes,wing,5.0,relevant,1,1
22,accommodate,tail,wing,color,1,B,C,No,wing,0.0,relevant,1,0
23,accommodate,color,wing,tail,0,Y,S,Yes,wing,-5.0,relevant,1,1
24,accommodate,color,tail,wing,0,B,S,No,wing,0.0,irrelevant,0,0
25,accommodate,color,wing,tail,0,Y,C,No,wing,0.0,relevant,1,0
26,accommodate,color,wing,tail,0,Y,C,No,wing,0.0,relevant,1,0
27,accommodate,color,tail,wing,0,B,S,Yes,wing,2.0,irrelevant,0,1
28,accommodate,color,tail,wing,1,B,S,Yes,wing,5.0,irrelevant,0,1
29,accommodate,color,tail,wing,1,B,S,Yes,wing,5.0,irrelevant,0,1
30,accommodate,color,tail,wing,1,B,S,No,wing,0.0,irrelevant,0,0
31,accommodate,wing,tail,color,1,Y,C,Yes,wing,5.0,relevant,1,1
32,accommodate,tail,color,wing,0,B,S,No,wing,0.0,irrelevant,0,0
33,accommodate,wing,color,tail,0,Y,C,Yes,wing,5.0,relevant,1,1
34,accommodate,color,tail,wing,0,B,S,Yes,wing,6.0,irrelevant,0,1
35,accommodate,tail,wing,color,1,B,C,Yes,wing,5.0,relevant,1,1
36,accommodate,tail,color,wing,0,B,S,No,wing,0.0,irrelevant,0,0
37,accommodate,wing,color,tail,0,Y,C,Yes,wing,4.0,relevant,1,1
38,accommodate,tail,color,wing,1,B,S,Yes,wing,7.0,irrelevant,0,1
39,accommodate,color,tail,wing,1,B,S,Yes,wing,7.0,irrelevant,0,1
40,accommodate,tail,color,wing,1,B,S,Yes,wing,3.0,irrelevant,0,1
41,accommodate,wing,color,tail,0,Y,S,Yes,wing,-5.0,relevant,1,1
42,accommodate,color,wing,tail,0,Y,C,Yes,wing,2.0,relevant,1,1
43,accommodate,color,wing,tail,0,Y,C,Yes,wing,5.0,relevant,1,1
44,accommodate,tail,color,wing,0,B,S,No,wing,0.0,irrelevant,0,0
45,accommodate,tail,wing,color,1,B,C,Yes,wing,5.0,relevant,1,1
46,accommodate,color,tail,wing,1,B,S,Yes,wing,5.0,irrelevant,0,1
47,accommodate,color,tail,wing,1,B,S,Yes,wing,3.0,irrelevant,0,1
48,accommodate,wing,tail,color,1,Y,C,Yes,wing,3.0,relevant,1,1
49,accommodate,tail,color,wing,0,B,S,Yes,wing,2.0,irrelevant,0,1
50,accommodate,wing,tail,color,1,B,C,Yes,wing,6.0,relevant,1,1
51,accommodate,tail,color,wing,1,B,S,Yes,wing,6.0,irrelevant,0,1
52,accommodate,tail,color,wing,1,B,S,Yes,wing,3.0,irrelevant,0,1
53,accommodate,tail,color,wing,0,B,S,No,wing,0.0,irrelevant,0,0
54,accommodate,color,tail,wing,0,B,S,No,wing,0.0,irrelevant,0,0
55,accommodate,wing,color,tail,0,Y,S,Yes,wing,5.0,relevant,1,1
56,accommodate,tail,wing,color,1,Y,C,Yes,wing,5.0,relevant,1,1
57,accommodate,tail,color,wing,0,B,S,Yes,wing,3.0,irrelevant,0,1
58,accommodate,color,wing,tail,0,Y,S,Yes,wing,6.0,relevant,1,1
59,accommodate,color,tail,wing,0,B,S,Yes,wing,5.0,irrelevant,0,1
60,accommodate,color,tail,wing,1,B,S,Yes,wing,6.0,irrelevant,0,1
61,accommodate,tail,color,wing,0,B,S,Yes,wing,-2.0,irrelevant,0,1
62,accommodate,wing,tail,color,1,B,C,Yes,wing,5.0,relevant,1,1
63,accommodate,tail,color,wing,1,B,S,Yes,wing,2.0,irrelevant,0,1
64,accommodate,tail,wing,color,1,B,C,No,wing,0.0,relevant,1,0
65,accommodate,color,wing,tail,0,Y,C,Yes,wing,-4.0,relevant,1,1
66,accommodate,tail,wing,color,1,Y,C,Yes,wing,5.0,relevant,1,1
67,accommodate,color,wing,tail,0,Y,S,No,wing,0.0,relevant,1,0
68,accommodate,color,tail,wing,0,B,S,Yes,wing,-3.0,irrelevant,0,1
69,accommodate,tail,color,wing,1,B,S,Yes,wing,1.0,irrelevant,0,1
70,accommodate,tail,color,wing,0,B,S,Yes,wing,-4.0,irrelevant,0,1
71,accommodate,wing,tail,color,1,Y,C,Yes,wing,2.0,relevant,1,1
72,accommodate,tail,color,wing,0,B,S,Yes,wing,-5.0,irrelevant,0,1
73,accommodate,color,tail,wing,1,B,S,No,wing,0.0,irrelevant,0,0
74,accommodate,tail,wing,color,1,B,C,Yes,wing,7.0,relevant,1,1
75,accommodate,color,tail,wing,0,B,S,Yes,wing,4.0,irrelevant,0,1
76,accommodate,wing,color,tail,0,Y,C,Yes,wing,-6.0,relevant,1,1
77,accommodate,wing,tail,color,1,Y,C,Yes,wing,4.0,relevant,1,1
78,accommodate,wing,color,tail,0,Y,C,Yes,wing,3.0,relevant,1,1
79,accommodate,tail,wing,color,1,B,C,Yes,wing,5.0,relevant,1,1
80,accommodate,color,wing,tail,0,Y,S,No,wing,0.0,relevant,1,0
81,accommodate,wing,color,tail,0,Y,C,Yes,wing,6.0,relevant,1,1
82,accommodate,wing,tail,color,1,Y,C,Yes,wing,5.0,relevant,1,1
83,accommodate,tail,wing,color,1,Y,C,No,wing,0.0,relevant,1,0
84,accommodate,tail,color,wing,0,B,S,Yes,wing,3.0,irrelevant,0,1
85,accommodate,wing,tail,color,1,B,C,Yes,wing,6.0,relevant,1,1
86,accommodate,tail,color,wing,1,B,S,Yes,wing,3.0,irrelevant,0,1
87,accommodate,tail,color,wing,0,B,S,No,wing,0.0,irrelevant,0,0
88,accommodate,color,tail,wing,0,B,S,No,wing,0.0,irrelevant,0,0
89,accommodate,wing,color,tail,0,Y,C,No,wing,0.0,relevant,1,0
90,accommodate,color,tail,wing,0,B,S,Yes,wing,4.0,irrelevant,0,1
91,accommodate,tail,wing,color,1,Y,C,No,wing,0.0,relevant,1,0
92,accommodate,tail,color,wing,1,B,S,Yes,wing,6.0,irrelevant,0,1
93,accommodate,color,tail,wing,1,B,S,Yes,wing,-5.0,irrelevant,0,1
94,accommodate,tail,wing,color,1,Y,C,Yes,wing,4.0,relevant,1,1
95,accommodate,wing,color,tail,0,Y,C,Yes,wing,-6.0,relevant,1,1
96,accommodate,wing,color,tail,0,Y,C,Yes,wing,4.0,relevant,1,1
97,accommodate,color,tail,wing,0,B,S,No,wing,0.0,irrelevant,0,0
98,accommodate,tail,color,wing,1,B,S,Yes,wing,5.0,irrelevant,0,1
99,accommodate,color,tail,wing,0,B,S,Yes,wing,-6.0,irrelevant,0,1
100,accommodate,color,tail,wing,1,B,S,No,wing,0.0,irrelevant,0,0
101,accommodate,tail,color,wing,1,B,S,No,wing,0.0,irrelevant,0,0
102,accommodate,color,wing,tail,0,Y,C,Yes,wing,7.0,relevant,1,1
103,accommodate,color,tail,wing,0,B,S,Yes,wing,3.0,irrelevant,0,1
104,accommodate,tail,color,wing,0,B,S,No,wing,0.0,irrelevant,0,0
105,accommodate,color,wing,tail,0,Y,C,Yes,wing,5.0,relevant,1,1
106,accommodate,color,wing,tail,0,Y,S,Yes,wing,-3.0,relevant,1,1
107,accommodate,color,tail,wing,1,B,S,Yes,wing,4.0,irrelevant,0,1
108,accommodate,wing,tail,color,1,Y,C,Yes,wing,7.0,relevant,1,1
109,accommodate,tail,color,wing,1,B,S,Yes,wing,5.0,irrelevant,0,1
110,accommodate,wing,color,tail,0,Y,S,No,wing,0.0,relevant,1,0
111,accommodate,color,wing,tail,0,Y,C,Yes,wing,5.0,relevant,1,1
112,accommodate,tail,wing,color,1,Y,C,No,wing,0.0,relevant,1,0
113,accommodate,tail,color,wing,1,B,S,No,wing,0.0,irrelevant,0,0
114,accommodate,color,tail,wing,0,B,S,Yes,wing,-3.0,irrelevant,0,1
115,accommodate,color,wing,tail,0,Y,S,No,wing,0.0,relevant,1,0
116,accommodate,wing,tail,color,1,B,C,Yes,wing,5.0,relevant,1,1
117,accommodate,tail,wing,color,1,Y,C,Yes,wing,5.0,relevant,1,1
118,accommodate,tail,color,wing,0,B,S,Yes,wing,4.0,irrelevant,0,1
119,accommodate,color,tail,wing,0,B,S,Yes,wing,5.0,irrelevant,0,1
120,accommodate,color,tail,wing,0,B,S,No,wing,0.0,irrelevant,0,0
121,accommodate,wing,tail,color,1,B,C,Yes,wing,5.0,relevant,1,1
122,accommodate,color,wing,tail,0,Y,C,Yes,wing,6.0,relevant,1,1
123,accommodate,wing,color,tail,0,Y,C,No,wing,0.0,relevant,1,0
124,accommodate,wing,color,tail,0,Y,S,Yes,wing,6.0,relevant,1,1
125,accommodate,color,tail,wing,1,B,S,Yes,wing,6.0,irrelevant,0,1
126,accommodate,wing,tail,color,1,Y,C,Yes,wing,4.0,relevant,1,1
127,accommodate,color,wing,tail,0,Y,S,Yes,wing,5.0,relevant,1,1
128,accommodate,wing,color,tail,0,Y,S,No,wing,0.0,relevant,1,0
129,accommodate,tail,color,wing,1,B,S,Yes,wing,4.0,irrelevant,0,1
130,accommodate,color,wing,tail,0,Y,C,Yes,wing,4.0,relevant,1,1
131,accommodate,color,tail,wing,1,B,S,No,wing,0.0,irrelevant,0,0
132,accommodate,tail,color,wing,1,B,S,No,wing,0.0,irrelevant,0,0
133,accommodate,color,wing,tail,0,Y,C,No,wing,0.0,relevant,1,0
134,accommodate,tail,wing,color,1,Y,C,No,wing,0.0,relevant,1,0
135,accommodate,color,wing,tail,0,Y,C,No,wing,0.0,relevant,1,0
136,accommodate,color,tail,wing,1,B,S,Yes,wing,-6.0,irrelevant,0,1
137,accommodate,color,tail,wing,0,B,S,Yes,wing,4.0,irrelevant,0,1
138,accommodate,wing,tail,color,1,B,C,Yes,wing,5.0,relevant,1,1
139,accommodate,tail,wing,color,1,Y,C,Yes,wing,4.0,relevant,1,1
140,accommodate,color,tail,wing,1,B,S,Yes,wing,6.0,irrelevant,0,1
141,accommodate,wing,tail,color,1,B,C,Yes,wing,6.0,relevant,1,1
142,accommodate,tail,wing,color,1,Y,C,Yes,wing,2.0,relevant,1,1
143,accommodate,color,wing,tail,0,Y,S,Yes,wing,5.0,relevant,1,1
144,accommodate,wing,tail,color,1,B,C,Yes,wing,6.0,relevant,1,1
145,accommodate,tail,color,wing,1,B,S,No,wing,0.0,irrelevant,0,0
146,accommodate,color,wing,tail,0,Y,C,Yes,wing,7.0,relevant,1,1
147,accommodate,color,tail,wing,0,B,S,Yes,wing,5.0,irrelevant,0,1
148,accommodate,tail,wing,color,1,B,C,Yes,wing,4.0,relevant,1,1
149,accommodate,color,wing,tail,0,Y,S,No,wing,0.0,relevant,1,0
150,accommodate,color,tail,wing,1,B,S,Yes,wing,-3.0,irrelevant,0,1
151,accommodate,tail,wing,color,1,B,C,Yes,wing,5.0,relevant,1,1
152,accommodate,color,tail,wing,0,B,S,Yes,wing,-6.0,irrelevant,0,1
153,accommodate,color,tail,wing,0,B,S,Yes,wing,-2.0,irrelevant,0,1
154,accommodate,wing,color,tail,0,Y,C,Yes,wing,3.0,relevant,1,1
155,accommodate,tail,wing,color,1,Y,C,No,wing,0.0,relevant,1,0
156,accommodate,tail,color,wing,1,B,S,Yes,wing,2.0,irrelevant,0,1
157,accommodate,tail,color,wing,0,B,S,No,wing,0.0,irrelevant,0,0
158,accommodate,wing,tail,color,1,B,C,Yes,wing,5.0,relevant,1,1
159,accommodate,color,wing,tail,0,Y,S,No,wing,0.0,relevant,1,0
160,accommodate,color,tail,wing,0,B,S,Yes,wing,-6.0,irrelevant,0,1
161,accommodate,wing,color,tail,0,Y,S,Yes,wing,2.0,relevant,1,1
162,accommodate,tail,wing,color,1,B,C,Yes,wing,6.0,relevant,1,1
163,accommodate,tail,wing,color,1,Y,C,Yes,wing,6.0,relevant,1,1
164,accommodate,color,tail,wing,0,B,S,No,wing,0.0,irrelevant,0,0
165,accommodate,color,tail,wing,0,B,S,Yes,wing,4.0,irrelevant,0,1
166,accommodate,wing,color,tail,0,Y,C,No,wing,0.0,relevant,1,0
167,accommodate,wing,color,tail,0,Y,C,Yes,wing,5.0,relevant,1,1
168,accommodate,color,wing,tail,0,Y,C,No,wing,0.0,relevant,1,0
169,accommodate,tail,color,wing,1,B,S,Yes,wing,7.0,irrelevant,0,1
170,accommodate,wing,tail,color,1,B,C,Yes,wing,6.0,relevant,1,1
171,accommodate,color,tail,wing,1,B,S,Yes,wing,5.0,irrelevant,0,1
172,accommodate,wing,tail,color,1,Y,C,Yes,wing,5.0,relevant,1,1
173,accommodate,color,tail,wing,1,B,S,No,wing,0.0,irrelevant,0,0
174,accommodate,tail,color,wing,0,B,S,Yes,wing,-6.0,irrelevant,0,1
175,accommodate,tail,color,wing,1,B,S,Yes,wing,3.0,irrelevant,0,1
176,accommodate,color,wing,tail,0,Y,C,Yes,wing,-6.0,relevant,1,1
177,accommodate,tail,color,wing,0,B,S,Yes,wing,6.0,irrelevant,0,1
178,accommodate,wing,color,tail,0,Y,C,Yes,wing,7.0,relevant,1,1
179,accommodate,color,tail,wing,1,B,S,Yes,wing,3.0,irrelevant,0,1
180,accommodate,tail,wing,color,1,B,C,Yes,wing,5.0,relevant,1,1
181,accommodate,wing,tail,color,1,Y,C,Yes,wing,3.0,relevant,1,1
182,accommodate,color,tail,wing,1,B,S,Yes,wing,3.0,irrelevant,0,1
183,accommodate,color,tail,wing,0,B,S,Yes,wing,-4.0,irrelevant,0,1
184,accommodate,tail,wing,color,1,B,C,Yes,wing,7.0,relevant,1,1
185,accommodate,color,tail,wing,1,B,S,Yes,wing,3.0,irrelevant,0,1
186,accommodate,wing,tail,color,1,Y,C,Yes,wing,3.0,relevant,1,1
187,accommodate,color,tail,wing,0,B,S,Yes,wing,3.0,irrelevant,0,1
188,accommodate,color,tail,wing,1,B,S,No,wing,0.0,irrelevant,0,0
189,accommodate,color,tail,wing,0,B,S,Yes,wing,5.0,irrelevant,0,1
190,accommodate,color,tail,wing,1,B,S,Yes,wing,4.0,irrelevant,0,1
191,accommodate,color,wing,tail,0,Y,S,No,wing,0.0,relevant,1,0
192,accommodate,wing,color,tail,0,Y,S,Yes,wing,-3.0,relevant,1,1
193,accommodate,tail,wing,color,1,B,C,Yes,wing,7.0,relevant,1,1
194,accommodate,color,tail,wing,0,B,S,Yes,wing,3.0,irrelevant,0,1
195,accommodate,tail,color,wing,1,B,S,Yes,wing,6.0,irrelevant,0,1
196,accommodate,wing,color,tail,0,Y,S,Yes,wing,6.0,relevant,1,1
197,accommodate,wing,tail,color,1,Y,C,Yes,wing,6.0,relevant,1,1
198,accommodate,tail,wing,color,1,B,C,Yes,wing,6.0,relevant,1,1
199,accommodate,tail,color,wing,1,B,S,Yes,wing,7.0,irrelevant,0,1
200,accommodate,tail,color,wing,1,B,S,No,wing,0.0,irrelevant,0,0
201,accommodate,color,tail,wing,0,B,S,Yes,wing,4.0,irrelevant,0,1
202,accommodate,color,wing,tail,0,Y,C,Yes,wing,6.0,relevant,1,1
203,accommodate,color,tail,wing,0,B,S,No,wing,0.0,irrelevant,0,0
204,accommodate,tail,color,wing,0,B,S,Yes,wing,6.0,irrelevant,0,1
205,accommodate,color,tail,wing,0,B,S,Yes,wing,-6.0,irrelevant,0,1
206,accommodate,color,tail,wing,0,B,S,Yes,wing,-6.0,irrelevant,0,1
207,accommodate,color,tail,wing,0,B,S,Yes,wing,4.0,irrelevant,0,1
208,accommodate,tail,color,wing,0,B,S,No,wing,0.0,irrelevant,0,0
209,accommodate,tail,wing,color,1,Y,C,Yes,wing,5.0,relevant,1,1
210,predict,wing,color,tail,0,Y,S,Yes,wing,5.0,relevant,1,1
211,predict,color,tail,wing,0,B,S,No,wing,0.0,irrelevant,0,0
212,predict,color,tail,wing,0,B,S,Yes,wing,6.0,irrelevant,0,1
213,predict,tail,color,wing,0,B,S,Yes,wing,-4.0,irrelevant,0,1
214,predict,wing,tail,color,1,B,C,No,wing,0.0,relevant,1,0
215,predict,tail,color,wing,0,B,S,No,wing,0.0,irrelevant,0,0
216,predict,color,tail,wing,0,B,S,Yes,wing,5.0,irrelevant,0,1
217,predict,tail,wing,color,1,B,C,No,wing,0.0,relevant,1,0
218,predict,color,wing,tail,0,Y,S,No,wing,0.0,relevant,1,0
219,predict,tail,wing,color,1,Y,C,No,wing,0.0,relevant,1,0
220,predict,color,wing,tail,0,Y,C,Yes,wing,-6.0,relevant,1,1
221,predict,tail,wing,color,1,B,C,Yes,wing,6.0,relevant,1,1
222,predict,color,tail,wing,0,B,S,Yes,wing,5.0,irrelevant,0,1
223,predict,color,tail,wing,0,B,S,No,wing,0.0,irrelevant,0,0
224,predict,wing,tail,color,1,Y,C,Yes,wing,5.0,relevant,1,1
225,predict,tail,wing,color,1,B,C,No,wing,0.0,relevant,1,0
226,predict,tail,color,wing,0,B,S,Yes,wing,-4.0,irrelevant,0,1
227,predict,color,tail,wing,1,B,S,No,wing,0.0,irrelevant,0,0
228,predict,tail,wing,color,1,Y,C,Yes,wing,3.0,relevant,1,1
229,predict,color,wing,tail,0,Y,S,Yes,wing,3.0,relevant,1,1
230,predict,color,tail,wing,1,B,S,Yes,wing,2.0,irrelevant,0,1
231,predict,color,wing,tail,0,Y,C,Yes,wing,5.0,relevant,1,1
232,predict,color,tail,wing,1,B,S,Yes,wing,5.0,irrelevant,0,1
233,predict,tail,color,wing,1,B,S,No,wing,0.0,irrelevant,0,0
234,predict,color,wing,tail,0,Y,S,No,wing,0.0,relevant,1,0
235,predict,color,wing,tail,0,Y,C,Yes,wing,5.0,relevant,1,1
236,predict,color,tail,wing,1,B,S,Yes,wing,5.0,irrelevant,0,1
237,predict,color,wing,tail,0,Y,C,Yes,wing,-4.0,relevant,1,1
238,predict,color,tail,wing,0,B,S,No,wing,0.0,irrelevant,0,0
239,predict,color,tail,wing,0,B,S,Yes,wing,-4.0,irrelevant,0,1
240,predict,tail,wing,color,1,Y,C,Yes,wing,7.0,relevant,1,1
241,predict,tail,color,wing,1,B,S,No,wing,0.0,irrelevant,0,0
242,predict,color,wing,tail,0,Y,C,No,wing,0.0,relevant,1,0
243,predict,tail,wing,color,1,B,C,Yes,wing,3.0,relevant,1,1
244,predict,tail,color,wing,1,B,S,No,wing,0.0,irrelevant,0,0
245,predict,color,tail,wing,0,B,S,Yes,wing,5.0,irrelevant,0,1
246,predict,tail,color,wing,1,B,S,Yes,wing,5.0,irrelevant,0,1
247,predict,tail,color,wing,0,B,S,No,wing,0.0,irrelevant,0,0
248,predict,tail,color,wing,1,B,S,No,wing,0.0,irrelevant,0,0
249,predict,color,wing,tail,0,Y,C,Yes,wing,-6.0,relevant,1,1
250,predict,color,tail,wing,1,B,S,No,wing,0.0,irrelevant,0,0
251,predict,tail,color,wing,0,B,S,Yes,wing,-4.0,irrelevant,0,1
252,predict,color,tail,wing,0,B,S,Yes,wing,4.0,irrelevant,0,1
253,predict,tail,color,wing,1,B,S,Yes,wing,5.0,irrelevant,0,1
254,predict,color,tail,wing,0,B,S,Yes,wing,-4.0,irrelevant,0,1
255,predict,color,wing,tail,0,Y,S,Yes,wing,3.0,relevant,1,1
256,predict,tail,color,wing,1,B,S,Yes,wing,-4.0,irrelevant,0,1
257,predict,wing,tail,color,1,B,C,No,wing,0.0,relevant,1,0
258,predict,wing,tail,color,1,Y,C,Yes,wing,5.0,relevant,1,1
259,predict,color,tail,wing,0,B,S,No,wing,0.0,irrelevant,0,0
260,predict,tail,wing,color,1,Y,C,No,wing,0.0,relevant,1,0
261,predict,tail,wing,color,1,B,C,Yes,wing,5.0,relevant,1,1
262,predict,color,tail,wing,0,B,S,Yes,wing,3.0,irrelevant,0,1
263,predict,tail,color,wing,0,B,S,Yes,wing,5.0,irrelevant,0,1
264,predict,tail,color,wing,0,B,S,No,wing,0.0,irrelevant,0,0
265,predict,tail,wing,color,1,B,C,No,wing,0.0,relevant,1,0
266,predict,color,tail,wing,0,B,S,Yes,wing,-6.0,irrelevant,0,1
267,predict,tail,color,wing,0,B,S,Yes,wing,2.0,irrelevant,0,1
268,predict,wing,tail,color,1,B,C,Yes,wing,-2.0,relevant,1,1
269,predict,wing,color,tail,0,Y,S,No,wing,0.0,relevant,1,0
270,predict,color,tail,wing,1,B,S,Yes,wing,4.0,irrelevant,0,1
271,predict,tail,color,wing,0,B,S,Yes,wing,3.0,irrelevant,0,1
272,predict,color,tail,wing,0,B,S,No,wing,0.0,irrelevant,0,0
273,predict,color,tail,wing,1,B,S,Yes,wing,4.0,irrelevant,0,1
274,predict,tail,color,wing,1,B,S,Yes,wing,4.0,irrelevant,0,1
275,predict,wing,color,tail,0,Y,C,Yes,wing,4.0,relevant,1,1
276,predict,tail,color,wing,1,B,S,Yes,wing,2.0,irrelevant,0,1
277,predict,wing,color,tail,0,Y,S,No,wing,0.0,relevant,1,0
278,predict,tail,color,wing,1,B,S,No,wing,0.0,irrelevant,0,0
279,predict,wing,color,tail,0,Y,C,Yes,wing,-2.0,relevant,1,1
280,predict,tail,color,wing,0,B,S,Yes,wing,-3.0,irrelevant,0,1
281,predict,color,wing,tail,0,Y,C,Yes,wing,-4.0,relevant,1,1
282,predict,wing,tail,color,1,B,C,Yes,wing,6.0,relevant,1,1
283,predict,color,tail,wing,0,B,S,Yes,wing,5.0,irrelevant,0,1
284,predict,color,tail,wing,1,B,S,Yes,wing,4.0,irrelevant,0,1
285,predict,color,tail,wing,0,B,S,Yes,wing,-3.0,irrelevant,0,1
286,predict,tail,wing,color,1,Y,C,Yes,wing,5.0,relevant,1,1
287,predict,tail,wing,color,1,Y,C,No,wing,0.0,relevant,1,0
288,predict,wing,tail,color,1,B,C,Yes,wing,-7.0,relevant,1,1
289,predict,wing,tail,color,1,Y,C,Yes,wing,5.0,relevant,1,1
290,predict,color,tail,wing,0,B,S,No,wing,0.0,irrelevant,0,0
291,predict,tail,wing,color,1,B,C,Yes,wing,4.0,relevant,1,1
292,predict,wing,tail,color,1,B,C,Yes,wing,4.0,relevant,1,1
293,predict,tail,wing,color,1,Y,C,Yes,wing,5.0,relevant,1,1
294,predict,tail,color,wing,1,B,S,No,wing,0.0,irrelevant,0,0
295,predict,color,wing,tail,0,Y,S,No,wing,0.0,relevant,1,0
296,predict,color,wing,tail,0,Y,C,Yes,wing,-4.0,relevant,1,1
297,predict,color,tail,wing,1,B,S,Yes,wing,3.0,irrelevant,0,1
298,predict,color,tail,wing,1,B,S,Yes,wing,6.0,irrelevant,0,1
299,predict,color,wing,tail,0,Y,C,Yes,wing,4.0,relevant,1,1
300,predict,wing,color,tail,0,Y,C,Yes,wing,3.0,relevant,1,1
301,predict,wing,color,tail,0,Y,S,No,wing,0.0,relevant,1,0
302,predict,wing,color,tail,0,Y,C,Yes,wing,4.0,relevant,1,1
303,predict,wing,color,tail,0,Y,S,Yes,wing,7.0,relevant,1,1
304,predict,tail,wing,color,1,Y,C,Yes,wing,5.0,relevant,1,1
305,predict,tail,color,wing,1,B,S,No,wing,0.0,irrelevant,0,0
306,predict,color,tail,wing,1,B,S,No,wing,0.0,irrelevant,0,0
307,predict,color,tail,wing,1,B,S,No,wing,0.0,irrelevant,0,0
308,predict,color,tail,wing,0,B,S,No,wing,0.0,irrelevant,0,0
309,predict,color,wing,tail,0,Y,C,No,wing,0.0,relevant,1,0
310,predict,color,tail,wing,1,B,S,Yes,wing,3.0,irrelevant,0,1
311,predict,color,tail,wing,0,B,S,Yes,wing,3.0,irrelevant,0,1
312,predict,tail,wing,color,1,Y,C,Yes,wing,5.0,relevant,1,1
313,predict,tail,wing,color,1,B,C,No,wing,0.0,relevant,1,0
314,predict,color,tail,wing,1,B,S,Yes,wing,4.0,irrelevant,0,1
315,predict,wing,color,tail,0,Y,C,Yes,wing,4.0,relevant,1,1
316,predict,color,tail,wing,1,B,S,Yes,wing,3.0,irrelevant,0,1
317,predict,tail,wing,color,1,B,C,No,wing,0.0,relevant,1,0
318,predict,tail,color,wing,1,B,S,Yes,wing,4.0,irrelevant,0,1
319,predict,tail,wing,color,1,Y,C,No,wing,0.0,relevant,1,0
320,predict,wing,color,tail,0,Y,C,Yes,wing,5.0,relevant,1,1
321,predict,tail,wing,color,1,B,C,Yes,wing,6.0,relevant,1,1
322,predict,wing,color,tail,0,Y,C,Yes,wing,-3.0,relevant,1,1
323,predict,color,tail,wing,0,B,S,No,wing,0.0,irrelevant,0,0
324,predict,color,tail,wing,1,B,S,Yes,wing,3.0,irrelevant,0,1
325,predict,wing,tail,color,1,B,C,Yes,wing,4.0,relevant,1,1
326,predict,wing,tail,color,1,Y,C,Yes,wing,3.0,relevant,1,1
327,predict,tail,color,wing,1,B,S,Yes,wing,5.0,irrelevant,0,1
328,predict,tail,wing,color,1,Y,C,Yes,wing,5.0,relevant,1,1
329,predict,wing,color,tail,0,Y,C,Yes,wing,-4.0,relevant,1,1
330,predict,tail,wing,color,1,B,C,No,wing,0.0,relevant,1,0
331,predict,wing,tail,color,1,B,C,Yes,wing,5.0,relevant,1,1
332,predict,wing,tail,color,1,Y,C,Yes,wing,5.0,relevant,1,1
333,predict,tail,color,wing,1,B,S,Yes,wing,5.0,irrelevant,0,1
334,predict,color,tail,wing,0,B,S,No,wing,0.0,irrelevant,0,0
335,predict,color,wing,tail,0,Y,C,No,wing,0.0,relevant,1,0
336,predict,color,wing,tail,0,Y,C,Yes,wing,6.0,relevant,1,1
337,predict,wing,tail,color,1,Y,C,Yes,wing,5.0,relevant,1,1
338,predict,tail,color,wing,0,B,S,Yes,wing,4.0,irrelevant,0,1
339,predict,color,wing,tail,0,Y,S,Yes,wing,5.0,relevant,1,1
340,predict,color,tail,wing,1,B,S,Yes,wing,6.0,irrelevant,0,1
341,predict,tail,wing,color,1,Y,C,Yes,wing,7.0,relevant,1,1
342,predict,wing,tail,color,1,Y,C,Yes,wing,5.0,relevant,1,1
343,predict,tail,wing,color,1,Y,C,Yes,wing,5.0,relevant,1,1
344,predict,color,wing,tail,0,Y,S,No,wing,0.0,relevant,1,0
345,predict,tail,wing,color,1,B,C,Yes,wing,5.0,relevant,1,1
346,predict,color,tail,wing,1,B,S,Yes,wing,3.0,irrelevant,0,1
347,predict,tail,color,wing,0,B,S,No,wing,0.0,irrelevant,0,0
348,predict,tail,wing,color,1,Y,C,Yes,wing,3.0,relevant,1,1
349,predict,wing,tail,color,1,B,C,Yes,wing,5.0,relevant,1,1
350,predict,tail,wing,color,1,B,C,No,wing,0.0,relevant,1,0
351,predict,color,wing,tail,0,Y,C,Yes,wing,-6.0,relevant,1,1
352,predict,tail,color,wing,0,B,S,Yes,wing,2.0,irrelevant,0,1
353,predict,color,tail,wing,1,B,S,Yes,wing,2.0,irrelevant,0,1
354,predict,color,wing,tail,0,Y,S,Yes,wing,-5.0,relevant,1,1
355,predict,wing,tail,color,1,B,C,Yes,wing,3.0,relevant,1,1
356,predict,color,tail,wing,0,B,S,No,wing,0.0,irrelevant,0,0
357,predict,wing,tail,color,1,Y,C,Yes,wing,6.0,relevant,1,1
358,predict,color,tail,wing,1,B,S,Yes,wing,-7.0,irrelevant,0,1
359,predict,color,tail,wing,1,B,S,Yes,wing,-2.0,irrelevant,0,1
360,predict,color,tail,wing,0,B,S,Yes,wing,2.0,irrelevant,0,1
361,predict,color,tail,wing,0,B,S,Yes,wing,-2.0,irrelevant,0,1
362,predict,color,tail,wing,1,B,S,No,wing,0.0,irrelevant,0,0
363,predict,wing,color,tail,0,Y,C,Yes,wing,7.0,relevant,1,1
364,predict,tail,color,wing,0,B,S,Yes,wing,-4.0,irrelevant,0,1
365,predict,color,tail,wing,0,B,S,No,wing,0.0,irrelevant,0,0
366,predict,color,tail,wing,1,B,S,Yes,wing,7.0,irrelevant,0,1
367,predict,color,tail,wing,0,B,S,Yes,wing,-5.0,irrelevant,0,1
368,predict,wing,tail,color,1,Y,C,No,wing,0.0,relevant,1,0
369,predict,wing,color,tail,0,Y,S,Yes,wing,-6.0,relevant,1,1
370,predict,tail,wing,color,1,Y,C,Yes,wing,3.0,relevant,1,1
371,predict,tail,color,wing,0,B,S,No,wing,0.0,irrelevant,0,0
372,predict,color,wing,tail,0,Y,C,Yes,wing,6.0,relevant,1,1
373,predict,wing,tail,color,1,Y,C,Yes,wing,3.0,relevant,1,1
374,predict,color,tail,wing,0,B,S,Yes,wing,-3.0,irrelevant,0,1
375,predict,tail,color,wing,0,B,S,Yes,wing,-5.0,irrelevant,0,1
376,predict,color,wing,tail,0,Y,C,Yes,wing,-4.0,relevant,1,1
377,predict,color,wing,tail,0,Y,C,Yes,wing,-3.0,relevant,1,1
378,predict,color,wing,tail,0,Y,C,Yes,wing,7.0,relevant,1,1
379,predict,tail,color,wing,1,B,S,No,wing,0.0,irrelevant,0,0
380,predict,wing,tail,color,1,Y,C,Yes,wing,4.0,relevant,1,1
381,predict,color,wing,tail,0,Y,C,Yes,wing,6.0,relevant,1,1
382,predict,tail,color,wing,1,B,S,Yes,wing,5.0,irrelevant,0,1
383,predict,wing,color,tail,0,Y,C,Yes,wing,4.0,relevant,1,1
384,predict,color,wing,tail,0,Y,S,Yes,wing,-4.0,relevant,1,1
385,predict,color,tail,wing,0,B,S,No,wing,0.0,irrelevant,0,0
386,predict,wing,color,tail,0,Y,S,Yes,wing,3.0,relevant,1,1
387,predict,color,tail,wing,0,B,S,Yes,wing,2.0,irrelevant,0,1
388,predict,color,tail,wing,1,B,S,No,wing,0.0,irrelevant,0,0
389,predict,tail,color,wing,1,B,S,Yes,wing,2.0,irrelevant,0,1
390,predict,tail,color,wing,1,B,S,No,wing,0.0,irrelevant,0,0
391,predict,color,tail,wing,0,B,S,Yes,wing,2.0,irrelevant,0,1
392,predict,color,wing,tail,0,Y,S,Yes,wing,3.0,relevant,1,1
393,predict,wing,tail,color,1,B,C,Yes,wing,5.0,relevant,1,1
394,predict,color,wing,tail,0,Y,C,Yes,wing,4.0,relevant,1,1
395,predict,tail,color,wing,1,B,S,Yes,wing,4.0,irrelevant,0,1
396,predict,color,wing,tail,0,Y,C,Yes,wing,-2.0,relevant,1,1
397,predict,tail,color,wing,1,B,S,No,wing,0.0,irrelevant,0,0
398,predict,tail,color,wing,1,B,S,Yes,wing,5.0,irrelevant,0,1
399,predict,color,tail,wing,1,B,S,Yes,wing,5.0,irrelevant,0,1
400,predict,wing,tail,color,1,Y,C,Yes,wing,3.0,relevant,1,1
401,predict,tail,color,wing,1,B,S,No,wing,0.0,irrelevant,0,0
402,predict,color,tail,wing,0,B,S,Yes,wing,-5.0,irrelevant,0,1
403,predict,color,tail,wing,1,B,S,Yes,wing,1.0,irrelevant,0,1
404,predict,wing,color,tail,0,Y,C,Yes,wing,7.0,relevant,1,1
405,predict,wing,color,tail,0,Y,S,No,wing,0.0,relevant,1,0
406,predict,tail,color,wing,1,B,S,Yes,wing,-4.0,irrelevant,0,1
407,predict,wing,color,tail,0,Y,C,Yes,wing,2.0,relevant,1,1
408,predict,color,tail,wing,0,B,S,No,wing,0.0,irrelevant,0,0
409,predict,tail,wing,color,1,B,C,Yes,wing,5.0,relevant,1,1
410,predict,tail,color,wing,0,B,S,Yes,wing,3.0,irrelevant,0,1
411,predict,tail,color,wing,0,B,S,No,wing,0.0,irrelevant,0,0
412,predict,wing,color,tail,0,Y,C,Yes,wing,-6.0,relevant,1,1
413,predict,wing,color,tail,0,Y,C,No,wing,0.0,relevant,1,0
414,predict,color,wing,tail,0,Y,S,No,wing,0.0,relevant,1,0
415,predict,tail,color,wing,0,B,S,No,wing,0.0,irrelevant,0,0
416,predict,color,tail,wing,0,B,S,No,wing,0.0,irrelevant,0,0
417,predict,color,tail,wing,1,B,S,Yes,wing,5.0,irrelevant,0,1
418,predict,color,tail,wing,1,B,S,No,wing,0.0,irrelevant,0,0
